SupplierID,SupplierCode,SupplierName,Telephone,Address,City,Remarks,CreatedDate,CreatedBy,ModifiedDate,ModifiedBy
1,1,AA MOTOR,,,,,2018-05-02,Admin,,
2,2,AJM,,,,,2018-05-02,Admin,,
3,3,ANON,,,,,2018-05-02,Admin,,
4,4,ANUGERAH JAYA MANDIRI',,,,,2018-05-02,Admin,,
5,5,ANUGERAH JAYA MOTOR,,,,,2018-05-02,Admin,,
6,6,ANUGERAHJAYA MOTOR,,,,,2018-05-02,Admin,,
7,7,ANUGRAH JAYA,,,,,2018-05-02,Admin,,
8,8,anugrah jaya mataram,,,,,2018-05-02,Admin,,
9,9,ANUGRAH JAYA MOTOR,,,,,2018-05-02,Admin,,
10,10,anugrah jaya mtr,,,,,2018-05-02,Admin,,
11,11,ANUGRAH JAYA VARIASI,,,,,2018-05-02,Admin,,
12,12,ANUGRAH JAYA VARIASI ,,,,,2018-05-02,Admin,,
13,13,AS REPARKIT,,,,,2018-05-02,Admin,,
14,14,ASPIRA,,,,,2018-05-02,Admin,,
15,15,ASTRA OTOPARTS,,,,,2018-05-02,Admin,,
16,16,BAUT UJANG,,,,,2018-05-02,Admin,,
17,17,BINA ADIDAYA ,,,,,2018-05-02,Admin,,
18,18,BINA ADIDAYA SEMARANG,,,,,2018-05-02,Admin,,
19,19,BINTANG MAKMUR MOTOR,,,,,2018-05-02,Admin,,
20,20,CR7,,,,,2018-05-02,Admin,,
21,21,CV MAJU BERSAMA MITRA,,,,,2018-05-02,Admin,,
22,22,CV MEKAR MAJU BERSAMA,,,,,2018-05-02,Admin,,
23,23,CV TIGA JAYA,,,,,2018-05-02,Admin,,
24,24,CV TRI JAYA,,,,,2018-05-02,Admin,,
25,25,CV.MEKAR MAJU BERSAMA,,,,,2018-05-02,Admin,,
26,26,GAJAH,,,,,2018-05-02,Admin,,
27,27,GTH MOTOR,,,,,2018-05-02,Admin,,
28,28,GUNUNG MAS INDAH,,,,,2018-05-02,Admin,,
29,29,INDO MOTOR SPORT,,,,,2018-05-02,Admin,,
30,30,JATENG TOP,,,,,2018-05-02,Admin,,
31,31,MAJU BERSAMA MITRA,,,,,2018-05-02,Admin,,
32,32,MAJU JAYA,,,,,2018-05-02,Admin,,
33,33,MBL,,,,,2018-05-02,Admin,,
34,34,MEKA ADIPRATAMA,,,,,2018-05-02,Admin,,
35,35,MONSTER,,,,,2018-05-02,Admin,,
36,36,NAGA SAKTI MOTOR,,,,,2018-05-02,Admin,,
37,37,OMG/WARID,,,,,2018-05-02,Admin,,
38,38,PARTINDO MAS SEJAHTERA,,,,,2018-05-02,Admin,,
39,39,PT . NUSANTARA SAKTI,,,,,2018-05-02,Admin,,
40,40,PT ASTA OTOPART,,,,,2018-05-02,Admin,,
41,41,PT ASTRA  OTOPARTS TBK ,,,,,2018-05-02,Admin,,
42,42,PT ASTRA OTOPART,,,,,2018-05-02,Admin,,
43,43,PT ASTRA OTOPART TBK,,,,,2018-05-02,Admin,,
44,44,PT ASTRA OTOPARTS,,,,,2018-05-02,Admin,,
45,45,PT ASTRA OTOPARTS TBK,,,,,2018-05-02,Admin,,
46,46,PT BINA ADIDAYA,,,,,2018-05-02,Admin,,
47,47,PT BINA ADIDAYA ,,,,,2018-05-02,Admin,,
48,48,PT GUNUNG MAS INDONESIA,,,,,2018-05-02,Admin,,
49,49,PT JATENG TOP,,,,,2018-05-02,Admin,,
50,50,PT JATENG TOP ,,,,,2018-05-02,Admin,,
51,51,PT JATENG TOP SEMARANG,,,,,2018-05-02,Admin,,
52,52,PT MAJU MULYA SEJAHTERA,,,,,2018-05-02,Admin,,
53,53,PT MEKA ADIPRATAMA,,,,,2018-05-02,Admin,,
54,54,PT PARKINDO MAS SEJAHTERA (NPP),,,,,2018-05-02,Admin,,
55,55,PT. NUSANTARA SAKTI,,,,,2018-05-02,Admin,,
56,56,PT.FUDORU INDONESIA,,,,,2018-05-02,Admin,,
57,57,PT.JATENG TOP ,,,,,2018-05-02,Admin,,
58,58,PT.JATENG TOP SEMARANG,,,,,2018-05-02,Admin,,
59,59,PT.NUSANTARA SAKTI,,,,,2018-05-02,Admin,,
60,60,PTJATENG TOP SEMARANG,,,,,2018-05-02,Admin,,
61,61,Rawid,,,,,2018-05-02,Admin,,
62,62,RIA,,,,,2018-05-02,Admin,,
63,63,RJM,,,,,2018-05-02,Admin,,
64,64,RJM ,,,,,2018-05-02,Admin,,
65,65,rtriska,,,,,2018-05-02,Admin,,
66,66,S P C,,,,,2018-05-02,Admin,,
67,67,S.P.C,,,,,2018-05-02,Admin,,
68,68,SIDODADI,,,,,2018-05-02,Admin,,
69,69,SINAR MOTOR,,,,,2018-05-02,Admin,,
70,70,SPC,,,,,2018-05-02,Admin,,
71,71,SPC ,,,,,2018-05-02,Admin,,
72,72,SPD,,,,,2018-05-02,Admin,,
73,73,SUMBER BARU,,,,,2018-05-02,Admin,,
74,74,SUMBER HARAPAN BAN,,,,,2018-05-02,Admin,,
75,75,TGP,,,,,2018-05-02,Admin,,
76,76,Tiga Jaya,,,,,2018-05-02,Admin,,
77,77,TRANS,,,,,2018-05-02,Admin,,
78,78,trans ,,,,,2018-05-02,Admin,,
79,79,TRANS MOTOR,,,,,2018-05-02,Admin,,
80,80,TRANS MOTOR ,,,,,2018-05-02,Admin,,
81,81,trijaya,,,,,2018-05-02,Admin,,
82,82,TRIKSA,,,,,2018-05-02,Admin,,
83,83,TRISKA,,,,,2018-05-02,Admin,,
84,84,TRISKA ,,,,,2018-05-02,Admin,,
85,85,TRISKA UTAMA,,,,,2018-05-02,Admin,,
86,86,UD SINAR MOTOR,,,,,2018-05-02,Admin,,
87,87,UD WIJAYA SAKTI,,,,,2018-05-02,Admin,,
88,88,UD.SINAR MOTOR,,,,,2018-05-02,Admin,,
89,89,UJANG,,,,,2018-05-02,Admin,,
90,90,WARID,,,,,2018-05-02,Admin,,
91,91,WIJAYA MITRA SAKTI,,,,,2018-05-02,Admin,,
92,92,WIJAYA MOTOR,,,,,2018-05-02,Admin,,
