ItemID;SessionID;CategoryID;UnitID;ItemName;ItemCode;BuyPrice;RetailPrice;Price1;Qty1;Price2;Qty2;Weight;MinimumStock;CreatedDate;CreatedBy;ModifiedDate;ModifiedBy
89;;7;1;AKI GTZ-5S GS;AJM10617_1;185000;207000;0;1;0;1;0;0;2018-08-21;Admin1;2018-08-21;Admin1
90;;2;1;DISC PAD JUP MX ASPIRA;AJM10617_2;17500;24000;0;1;0;1;0;0;2018-08-21;Admin1;2018-08-21;Admin1
91;;2;1;BUSI C7HS/NGK;AJM10617_3;9500;13000;0;1;0;1;0;0;2018-08-21;Admin1;2018-08-21;Admin1
92;;2;1;KAMPAS REM TROMOL VARIO 125 AHM;AJM10617_4;37250;52000;0;1;0;1;0;0;2018-08-21;Admin1;2018-08-21;Admin1
93;;2;1;BUSI C7HS NGK;AJM13418_1;9850;15000;0;1;0;1;0;0;2018-08-21;Admin1;2018-08-21;Admin1
94;;2;1;KABEL SPEDO VARIO AHM;AJM13418_10;20000;30000;0;1;0;1;0;0;2018-08-21;Admin1;2018-08-21;Admin1
95;;2;1;MASTER REM BLK SATRIA FU MERK TW;AJM13418_11;9000;15000;0;1;0;1;0;0;2018-08-21;Admin1;2018-08-21;Admin1
96;;6;1;BAN DALAM 70/90-14 IRC;AJM13418_12;18900;23000;0;1;0;1;0;0;2018-08-21;Admin1;2018-08-21;Admin1
97;;2;1;BOLP STOP 12 V ip;AJM13418_13;2750;5000;0;1;0;1;0;0;2018-08-21;Admin1;2018-08-21;Admin1
98;;2;1;DISPAD DEPAN CB150R TW;AJM13418_14;11750;18000;0;1;0;1;0;0;2018-08-21;Admin1;2018-08-21;Admin1
99;;2;1;ACCU GT6A(DOBEL KERING) GS;AJM13418_2;166500;187000;0;1;0;1;0;0;2018-08-21;Admin1;2018-08-21;Admin1
100;;2;1;AS RODA DEPAN SCORPIO TW;AJM13418_3;8250;14000;0;1;0;1;0;0;2018-08-21;Admin1;2018-08-21;Admin1
101;;2;1;AS RODA BELKANG SCORPIO MERK G;AJM13418_4;28500;43000;0;1;0;1;0;0;2018-08-21;Admin1;2018-08-21;Admin1
102;;2;1;KAMPAS REM BLK SPIN MERK G;AJM13418_5;40500;59000;0;1;0;1;0;0;2018-08-21;Admin1;2018-08-21;Admin1
103;;2;1;AS STANDART TENGAH MIO MERK TW;AJM13418_7;5000;9000;0;1;0;1;0;0;2018-08-21;Admin1;2018-08-21;Admin1
104;;2;1;AS FORK VISION GENIUN ;AJM13418_8;42500;63000;0;1;0;1;0;0;2018-08-21;Admin1;2018-08-21;Admin1
105;;2;1;KAMPAS REM BEAT TROMOL IP;AJM13418_9;24650;36000;0;1;0;1;0;0;2018-08-21;Admin1;2018-08-21;Admin1
106;;6;1;BAN LUAR FEDERAL 80.90 R 17 ;AJM13717_1;136500;155000;0;1;0;1;0;0;2018-08-21;Admin1;2018-08-21;Admin1
107;;5;1;OLI REM;AJM13717_2;3850;6000;0;1;0;1;0;0;2018-08-21;Admin1;2018-08-21;Admin1
108;;2;1;DISC PAD VARIO/BEAT;AJM14717;40800;55000;0;1;0;1;0;0;2018-08-21;Admin1;2018-08-21;Admin1
109;;6;1;BAN LUAR 70/90 - 17 IRC;AJM16817_1;111740;130000;0;1;0;1;0;0;2018-08-21;Admin1;2018-08-21;Admin1
110;;6;1;BAN LUAR 80/90 - 17 IRC;AJM16817_2;137640;158000;0;1;0;1;0;0;2018-08-21;Admin1;2018-08-21;Admin1
111;;2;1;BOLB STOP 12V/AHM;AJM16817_3;84000;120000;0;1;0;1;0;0;2018-08-21;Admin1;2018-08-21;Admin1
112;;2;1;AKI GMS Z-3B /GS;AJM16817_4;126000;142000;0;1;0;1;0;0;2018-08-21;Admin1;2018-08-21;Admin1
113;;2;1;AIR RADIATOR/MASTER;AJM19917_1;13000;16500;0;1;0;1;0;0;2018-08-21;Admin1;2018-08-21;Admin1
114;;5;1;OLI GARDAN/ AHM;AJM19917_2;11500;15000;0;1;0;1;0;0;2018-08-21;Admin1;2018-08-21;Admin1
115;;7;1;AKI GT-GA/GS;AJM19917_3;165000;187000;0;1;0;1;0;0;2018-08-21;Admin1;2018-08-21;Admin1
116;;2;1;RANTAI KAMPRAT VEGA/CRYPTAIN;AJM19917_4;28250;35000;0;1;0;1;0;0;2018-08-21;Admin1;2018-08-21;Admin1
117;;2;1;RANTAI KAMPRAT MIO;AJM19917_5;54500;68000;0;1;0;1;0;0;2018-08-21;Admin1;2018-08-21;Admin1
118;;2;1;RANTAI KAMPRAT KEP.MX;AJM19917_6;66800;84000;0;1;0;1;0;0;2018-08-21;Admin1;2018-08-21;Admin1
119;;2;1;RANTAI KAMPRAT JUPITER Z;AJM19917_7;56000;70000;0;1;0;1;0;0;2018-08-21;Admin1;2018-08-21;Admin1
120;;2;1;KAMPAS KAPLING GANDA VEGA ZR;AJM19917_8;46500;59000;0;1;0;1;0;0;2018-08-21;Admin1;2018-08-21;Admin1
121;;2;1;BUSI KARISMA/CPR 6 NGK;AJM21117_1;11700;15500;0;1;0;1;0;0;2018-08-21;Admin1;2018-08-21;Admin1
122;;2;1;BOLP DEPAN GRAND/ASPIRA;AJM21117_2;8250;10000;0;1;0;1;0;0;2018-08-21;Admin1;2018-08-21;Admin1
123;;2;1;BOLP HALOGEN GRAND ASPIRA;AJM21117_3;9250;12000;0;1;0;1;0;0;2018-08-21;Admin1;2018-08-21;Admin1
124;;2;1;SPION TANGGUNG HONDA ASPIRA;AJM21117_4;20500;26000;0;1;0;1;0;0;2018-08-21;Admin1;2018-08-21;Admin1
125;;2;1;BOLP GRAND DEPAN ASPIRA;AJM24217_1;8500;11000;0;1;0;1;0;0;2018-08-21;Admin1;2018-08-21;Admin1
126;;6;1;BAN DALAM 250/275 RING 17;AJM24217_2;23750;29000;0;1;0;1;0;0;2018-08-21;Admin1;2018-08-21;Admin1
127;;2;1;FILTER UDARA VARIO;AJM26117_1;22000;30000;0;1;0;1;0;0;2018-08-21;Admin1;2018-08-21;Admin1
128;;2;1;FILTER UDARA VARIO 125;AJM26117_2;23850;33000;0;1;0;1;0;0;2018-08-21;Admin1;2018-08-21;Admin1
129;;2;1;DUDUKAN GER BLK YAMAHA;AJM26117_3;19250;26000;0;1;0;1;0;0;2018-08-21;Admin1;2018-08-21;Admin1
130;;6;1;BAN LUAR 250 -17 PT;AJM26117_4;143500;172000;0;1;0;1;0;0;2018-08-21;Admin1;2018-08-21;Admin1
131;;6;1;ban luar 275 -17 PT;AJM26117_5;129500;150000;0;1;0;1;0;0;2018-08-21;Admin1;2018-08-21;Admin1
132;;2;1;MIKA SEN DEPAN GRAND ;AJM28217_1;15450;20000;0;1;0;1;0;0;2018-08-21;Admin1;2018-08-21;Admin1
133;;2;1;MIKA SEN DEPAN BEAT F1;AJM28217_2;17250;23000;0;1;0;1;0;0;2018-08-21;Admin1;2018-08-21;Admin1
134;;2;1;MIKA SEN + STOP VARIO 125;AJM28217_3;44500;58000;0;1;0;1;0;0;2018-08-21;Admin1;2018-08-21;Admin1
135;;2;1;KLAKSON 12V /FEDERAL;AJM28217_4;18000;25000;0;1;0;1;0;0;2018-08-21;Admin1;2018-08-21;Admin1
136;;2;1;BOLB HALOGEN GRAND;AJM28217_5;9850;13000;0;1;0;1;0;0;2018-08-21;Admin1;2018-08-21;Admin1
137;;2;1;DISC PAD MIO M3;AJM28217_6;18500;25000;0;1;0;1;0;0;2018-08-21;Admin1;2018-08-21;Admin1
138;;2;1;DISC PAD REVO ABS;AJM28217_7;14500;20000;0;1;0;1;0;0;2018-08-21;Admin1;2018-08-21;Admin1
139;;2;1;DISC PAD REVO ABS;AJM28217_8;15000;20000;0;1;0;1;0;0;2018-08-21;Admin1;2018-08-21;Admin1
140;;2;1;DISC PAD REVO ABS;AJM28217_9;14500;20000;0;1;0;1;0;0;2018-08-21;Admin1;2018-08-21;Admin1
141;;7;1;AKI GTZ-5S GS;AJM291117_1;183000;208000;0;1;0;1;0;0;2018-08-21;Admin1;2018-08-21;Admin1
142;;7;1;AKI GTZ- 6V GS;AJM291117_2;217000;245000;0;1;0;1;0;0;2018-08-21;Admin1;2018-08-21;Admin1
143;;7;1;AKI GTZ-7S GS;AJM291117_3;250000;280000;0;1;0;1;0;0;2018-08-21;Admin1;2018-08-21;Admin1
144;;2;1;BOLB DEPAN GRAND ASPIRA;AJM291117_4;8200;12000;0;1;0;1;0;0;2018-08-21;Admin1;2018-08-21;Admin1
145;;2;1;BOLB DEPAN HOLOGEN GRAND ASPIRA;AJM291117_5;9250;14000;0;1;0;1;0;0;2018-08-21;Admin1;2018-08-21;Admin1
146;;2;1;BOLP STOP 12 V;AJM5518_1;2850;5000;0;1;0;1;0;0;2018-08-21;Admin1;2018-08-21;Admin1
147;;2;1;TROMOL DIM VARIO 125;AJM5518_2;12150;20000;0;1;0;1;0;0;2018-08-21;Admin1;2018-08-21;Admin1
148;;2;1;BOLP HALOGEN ASPIRA;AJM5717;9035;14000;0;1;0;1;0;0;2018-08-21;Admin1;2018-08-21;Admin1
149;;2;1;BOLP DEPAN GRAND /ASPIRA;AJM5717_1;8100;12000;0;1;0;1;0;0;2018-08-21;Admin1;2018-08-21;Admin1
150;;2;1;BOLP DEPAN HALOGEN/ASPIRA;AJM5717_2;9350;14000;0;1;0;1;0;0;2018-08-21;Admin1;2018-08-21;Admin1
151;;2;1;LAKER 6300/ASPIRA;AJM5717_3;11000;16000;0;1;0;1;0;0;2018-08-21;Admin1;2018-08-21;Admin1
152;;6;1;BAN DALAM 225/250-17 IRC;AJM5717_4;22400;28000;0;1;0;1;0;0;2018-08-21;Admin1;2018-08-21;Admin1
153;;6;1;BAN DALAM 275-17 IRC;AJM5717_5;23650;29000;0;1;0;1;0;0;2018-08-21;Admin1;2018-08-21;Admin1
154;;6;1;BAN LUAR 80.90-14;AJM8417_1;102550;139500;0;1;0;1;0;0;2018-08-21;Admin1;2018-08-21;Admin1
155;;2;1;SLEBOR DEPAN JUP MX NEW WIN;AJM8417_10;49500;70000;0;1;0;1;0;0;2018-08-21;Admin1;2018-08-21;Admin1
156;;2;1;BATOK BELAKANG SUPRA X 125;AJM8417_11;28500;40000;0;1;0;1;0;0;2018-08-21;Admin1;2018-08-21;Admin1
157;;6;1;BAN LUAR 90.90-14;AJM8417_2;129000;175500;0;1;0;1;0;0;2018-08-21;Admin1;2018-08-21;Admin1
158;;2;1;KAWAT KOPLING VESPA ;AJM8417_3;2150;5000;0;1;0;1;0;0;2018-08-21;Admin1;2018-08-21;Admin1
159;;2;1;PISTON KIT GRAND AHM;AJM8417_4;104800;148000;0;1;0;1;0;0;2018-08-21;Admin1;2018-08-21;Admin1
160;;2;1;PISTON KIT KARISMA/SUPRA X 125;AJM8417_5;112000;158000;0;1;0;1;0;0;2018-08-21;Admin1;2018-08-21;Admin1
161;;6;1;BAN DALAM 70.90-17 IRC;AJM8417_6;22080;32000;0;1;0;1;0;0;2018-08-21;Admin1;2018-08-21;Admin1
162;;2;1;BUSI C7HS NGK;AJM8417_7;9500;12500;0;1;0;1;0;0;2018-08-21;Admin1;2018-08-21;Admin1
163;;2;1;BOLP DEPAN GRAND ASPIRA;AJM8417_8;8250;12000;0;1;0;1;0;0;2018-08-21;Admin1;2018-08-21;Admin1
164;;2;1;BOLP DEPAN VIXION ASPIRA;AJM8417_9;14750;20000;0;1;0;1;0;0;2018-08-21;Admin1;2018-08-21;Admin1
165;;7;1;ACCU GTZ-5S GS;AJM8518_1;186000;210000;0;1;0;1;0;0;2018-08-21;Admin1;2018-08-21;Admin1
166;;2;1;KACA SPION HONDA ASPIRA;AJM91217_1;22500;32000;0;1;0;1;0;0;2018-08-21;Admin1;2018-08-21;Admin1
167;;2;1;BOLB REPAN VIXION ASPIRA;AJM91217_2;15500;22000;0;1;0;1;0;0;2018-08-21;Admin1;2018-08-21;Admin1
168;;2;1;LAKER  6201 BS FEDERAL;AJM91217_3;8500;12000;0;1;0;1;0;0;2018-08-21;Admin1;2018-08-21;Admin1
169;;2;1;DISC PAD REVO ABS/BLADE FEDERAL;AJM91217_4;14500;21000;0;1;0;1;0;0;2018-08-21;Admin1;2018-08-21;Admin1
170;;2;1;STANDART SAMPING MEGAPRO ;AJM9517_1;9500;15000;0;1;0;1;0;0;2018-08-21;Admin1;2018-08-21;Admin1
171;;2;1;GERBOX VEGA Z.R;AJM9517_2;12750;20000;0;1;0;1;0;0;2018-08-21;Admin1;2018-08-21;Admin1
172;;2;1;KIP MASTER REM SZK;AJM9517_3;7500;12000;0;1;0;1;0;0;2018-08-21;Admin1;2018-08-21;Admin1
173;;2;1;KAMPAS REM BLK BEAT ASPIRA;AJM9517_4;21900;32000;0;1;0;1;0;0;2018-08-21;Admin1;2018-08-21;Admin1
174;;2;1;PK YAMAHA JUPITER MX 135 /V-IXION /MX 135 NEW (5 SPE;FI26917_3;2800;5000;0;1;0;1;0;0;2018-08-21;Admin1;2018-08-21;Admin1
175;;2;1;PK YAMAHA MIO J/SOUL GT/X RIDE;FI26917_4;2800;5000;0;1;0;1;0;0;2018-08-21;Admin1;2018-08-21;Admin1
176;;2;1;ROLLER SUZUKI SPIN;FI26917_5;30000;38000;0;1;0;1;0;0;2018-08-21;Admin1;2018-08-21;Admin1
177;;2;1;BOHLAM HS1 (12V 35/35 W) HALOGEN ;FI26917_6;24000;32000;0;1;0;1;0;0;2018-08-21;Admin1;2018-08-21;Admin1
178;;2;1;BOHLAM P15D-25-1 (12V 25/25 W);FI26917_7;8500;12000;0;1;0;1;0;0;2018-08-21;Admin1;2018-08-21;Admin1
179;;5;1;OLI ENDURO MATIC 0,8 LT BELI 6 GRATIS 1;GM31717;30714.28571;37000;0;1;0;1;0;0;2018-08-21;Admin1;2018-08-21;Admin1
180;;1;1;SPAKBOR KIX+STOP;IM21218_1;38000;55000;0;1;0;1;0;0;2018-08-21;Admin1;2018-08-21;Admin1
181;;1;1;KARPOR SCOPY;IM21218_2;24000;35000;0;1;0;1;0;0;2018-08-21;Admin1;2018-08-21;Admin1
182;;1;1;KARPOR BEAT;IM21218_3;24000;35000;0;1;0;1;0;0;2018-08-21;Admin1;2018-08-21;Admin1
183;;1;1;KARPOR VARIO;IM21218_4;24000;35000;0;1;0;1;0;0;2018-08-21;Admin1;2018-08-21;Admin1
184;;1;1;KARPOR BEAT 2017;IM21218_5;24000;35000;0;1;0;1;0;0;2018-08-21;Admin1;2018-08-21;Admin1
185;;1;1;VISOR NINJA R;IM3318_1;22500;35000;0;1;0;1;0;0;2018-08-21;Admin1;2018-08-21;Admin1
186;;1;1;CHAINLUBE A72;IM3318_2;10000;17000;0;1;0;1;0;0;2018-08-21;Admin1;2018-08-21;Admin1
187;;1;1;BAUT CAKRAM DERR;IM3318_3;4500;9000;0;1;0;1;0;0;2018-08-21;Admin1;2018-08-21;Admin1
188;;1;1;SCHOK MATIC TABUNG  FF;IM3318_4;155000;225000;0;1;0;1;0;0;2018-08-21;Admin1;2018-08-21;Admin1
189;;1;1;SPION JALU CNC ;IM3318_5;95000;140000;0;1;0;1;0;0;2018-08-21;Admin1;2018-08-21;Admin1
190;;1;1;PROGUARD SCUL CANDY;IM3318_6;36000;55000;0;1;0;1;0;0;2018-08-21;Admin1;2018-08-21;Admin1
191;;1;1;ALARM BHT;IM3318_7;125000;182000;0;1;0;1;0;0;2018-08-21;Admin1;2018-08-21;Admin1
192;;1;1;SHOCK MATIC DNS HIB;IM6118_1;105000;152000;0;1;0;1;0;0;2018-08-21;Admin1;2018-08-21;Admin1
193;;1;1;KLEMAN KNALPOTT RZ;IM6118_10;13000;20000;0;1;0;1;0;0;2018-08-21;Admin1;2018-08-21;Admin1
194;;1;1;BOLAM 4 3 SISI;IM6118_11;35000;52000;0;1;0;1;0;0;2018-08-21;Admin1;2018-08-21;Admin1
195;;1;1;FLASER TOURING;IM6118_2;25000;36000;0;1;0;1;0;0;2018-08-21;Admin1;2018-08-21;Admin1
196;;1;1;BUOHLAM TDH;IM6118_3;12500;20000;0;1;0;1;0;0;2018-08-21;Admin1;2018-08-21;Admin1
197;;1;1;SEN MINI VIXION LAMA;IM6118_4;9000;15000;0;1;0;1;0;0;2018-08-21;Admin1;2018-08-21;Admin1
198;;1;1;SEN TOWEL;IM6118_5;9000;15000;0;1;0;1;0;0;2018-08-21;Admin1;2018-08-21;Admin1
199;;1;1;FILTER TAWON VNI;IM6118_6;18500;28000;0;1;0;1;0;0;2018-08-21;Admin1;2018-08-21;Admin1
200;;1;1;GAS WOLL;IM6118_7;10000;15000;0;1;0;1;0;0;2018-08-21;Admin1;2018-08-21;Admin1
201;;1;1;KLAKSON KEONG CZR DOBLE;IM6118_8;75000;110000;0;1;0;1;0;0;2018-08-21;Admin1;2018-08-21;Admin1
202;;1;1;SELANG REM 130;IM6118_9;30000;45000;0;1;0;1;0;0;2018-08-21;Admin1;2018-08-21;Admin1
203;;1;1;TEPONG YZ;IM6318_1;47500;69000;0;1;0;1;0;0;2018-08-21;Admin1;2018-08-21;Admin1
204;;6;1;BL FACIO TUBELESS 90/90-14;JT25417_1;158360;176000;0;1;0;1;0;0;2018-08-21;Admin1;2018-08-21;Admin1
205;;6;1;BL GENZIPRO 70/80-17TL;JT25417_2;130980;145000;0;1;0;1;0;0;2018-08-21;Admin1;2018-08-21;Admin1
206;;6;1;BL GENZIPRO 80/80-17TL;JT25417_3;153180;170000;0;1;0;1;0;0;2018-08-21;Admin1;2018-08-21;Admin1
207;;6;1;BL GENZIPRO 90/80-17TL;JT25417_4;196840;219000;0;1;0;1;0;0;2018-08-21;Admin1;2018-08-21;Admin1
208;;6;1;BL GENZIPRO 100/80-14TL;JT25417_5;186480;210000;0;1;0;1;0;0;2018-08-21;Admin1;2018-08-21;Admin1
209;;6;1;BL GENZIPRO 100/80-17TL;JT25417_6;233840;260000;0;1;0;1;0;0;2018-08-21;Admin1;2018-08-21;Admin1
210;;6;1;BAN LUAR FACIO 80/90-R14 FDR;JT2617_1;135420;152000;0;1;0;1;0;0;2018-08-21;Admin1;2018-08-21;Admin1
211;;6;1;BAN LUAR FLEMMO 70/90-17;JT2617_2;108040;120000;0;1;0;1;0;0;2018-08-21;Admin1;2018-08-21;Admin1
212;;6;1;BAN LUAR FLEMMO 80/90-14;JT2617_3;109520;122000;0;1;0;1;0;0;2018-08-21;Admin1;2018-08-21;Admin1
213;;6;1;BAN LUAR GENZI 100/80-14TL;JT2617_4;186480;210000;0;1;0;1;0;0;2018-08-21;Admin1;2018-08-21;Admin1
214;;6;1;BAN LUAR FACIO TUBELESS 90/90-14 GDS;JT26817_1;158360;177000;0;1;0;1;0;0;2018-08-21;Admin1;2018-08-21;Admin1
215;;6;1;BAN LUAR FLEMMO  70/90-17 GD 1;JT26817_2;108040;122000;0;1;0;1;0;0;2018-08-21;Admin1;2018-08-21;Admin1
216;;6;1;BAN LUAR FLEMMO  80/90-14 GD1;JT26817_3;109520;122000;0;1;0;1;0;0;2018-08-21;Admin1;2018-08-21;Admin1
217;;6;1;BAN LUAR FLEMMO  80/90-17 GD1;JT26817_4;137640;155000;0;1;0;1;0;0;2018-08-21;Admin1;2018-08-21;Admin1
218;;6;1;BAN LUAR FLEMMO 90/90-14 GD1;JT26817_5;134680;150000;0;1;0;1;0;0;2018-08-21;Admin1;2018-08-21;Admin1
219;;6;1;BL FLEMMO 70/90-17;JT29417_1;108040;120000;0;1;0;1;0;0;2018-08-21;Admin1;2018-08-21;Admin1
220;;6;1;BL FLEMMO 80/90-14;JT29417_2;109520;122000;0;1;0;1;0;0;2018-08-21;Admin1;2018-08-21;Admin1
221;;6;1;BL FLEMMO 90/80-17;JT29417_3;167240;185000;0;1;0;1;0;0;2018-08-21;Admin1;2018-08-21;Admin1
222;;6;1;BAN LUAR FLEMMO GD1;JT30102017_1;92500;105000;0;1;0;1;0;0;2018-08-21;Admin1;2018-08-21;Admin1
223;;6;1;BL FLEMMO 70/90-17;JT30102017_2;108040;122000;0;1;0;1;0;0;2018-08-21;Admin1;2018-08-21;Admin1
224;;6;1;BAN LUAR FLEMMO GD1;JT30102017_3;109520;123000;0;1;0;1;0;0;2018-08-21;Admin1;2018-08-21;Admin1
225;;6;1;BAN LUAR FLEMMO GD1;JT30102017_4;134680;150000;0;1;0;1;0;0;2018-08-21;Admin1;2018-08-21;Admin1
226;;6;1;BAN LUAR FLEMMINO TUBELESS GD1;JT51712_1;156880;176000;0;1;0;1;0;0;2018-08-21;Admin1;2018-08-21;Admin1
227;;6;1;BAN LUAR PRO GD1;JT51712_2;153180;172000;0;1;0;1;0;0;2018-08-21;Admin1;2018-08-21;Admin1
228;;6;1;BAN LUAR FACIO TUBELESS GD1;JT6218_1;134066;152000;0;1;0;1;0;0;2018-08-21;Admin1;2018-08-21;Admin1
229;;6;1;BL FLEMMO 70/90 R 17 FDR;JT8717_1;108040;120000;0;1;0;1;0;0;2018-08-21;Admin1;2018-08-21;Admin1
230;;6;1;BL FLEMMO 80/90 R 17 FDR;JT8717_2;137640;155000;0;1;0;1;0;0;2018-08-21;Admin1;2018-08-21;Admin1
231;;6;1;BD 70/90/17;MM141017_1;19162;23000;0;1;0;1;0;0;2018-08-21;Admin1;2018-08-21;Admin1
232;;6;1;BD 80/90/17;MM141017_2;20268;25000;0;1;0;1;0;0;2018-08-21;Admin1;2018-08-21;Admin1
233;;6;1;BD 80/90/14;MM141017_3;18057;22000;0;1;0;1;0;0;2018-08-21;Admin1;2018-08-21;Admin1
234;;6;1;BD 90/90/14;MM141017_4;18794;23000;0;1;0;1;0;0;2018-08-21;Admin1;2018-08-21;Admin1
235;;2;1;RANTAI 130/428 GOLD;MM24717;188410;265000;0;1;0;1;0;0;2018-08-21;Admin1;2018-08-21;Admin1
236;;6;1;BAN DALAM;MM31117_1;17688;20000;0;1;0;1;0;0;2018-08-21;Admin1;2018-08-21;Admin1
237;;2;1;GR BLK KCT 428-40 T;MM31817_1;74700;104000;0;1;0;1;0;0;2018-08-21;Admin1;2018-08-21;Admin1
238;;2;1;GR DPN CBR150 428-14 T;MM31817_2;41500;58000;0;1;0;1;0;0;2018-08-21;Admin1;2018-08-21;Admin1
239;;2;1;GR DPN CBR150 428-16 T;MM31817_3;41500;58000;0;1;0;1;0;0;2018-08-21;Admin1;2018-08-21;Admin1
240;;2;1;GR 428HSBT - 130 GOLD;MM31817_4;188410;260000;0;1;0;1;0;0;2018-08-21;Admin1;2018-08-21;Admin1
241;;2;1;GR DPN YMH 428-14T RXZ;MM4816_8;32370;39000;0;1;0;1;0;0;2018-08-21;Admin1;2018-08-21;Admin1
242;;2;1;MTZ5Z (10);MMB22917_1;191250;215000;0;1;0;1;0;0;2018-08-21;Admin1;2018-08-21;Admin1
243;;2;1;MTZ6S (10);MMB22917_2;255000;290000;0;1;0;1;0;0;2018-08-21;Admin1;2018-08-21;Admin1
244;;2;1;OSRAM COOL BLLUE 12 V 25/25W;NPP18217_1;19734;28000;0;1;0;1;0;0;2018-08-21;Admin1;2018-08-21;Admin1
245;;2;1;44711-KVB-931 SX12 TIRE.FR;NS13218_4;104625;118000;0;1;0;1;0;0;2018-08-21;Admin1;2018-08-21;Admin1
246;;2;1;23100-KVB-BAO VARI VAN BELT K;NS21117_1;158000;178000;0;1;0;1;0;0;2018-08-21;Admin1;2018-08-21;Admin1
247;;2;1;232100-KZL-BAO;NS21117_2;135000;152000;0;1;0;1;0;0;2018-08-21;Admin1;2018-08-21;Admin1
248;;2;1;23100-KZR-BAO ;NS21117_3;173000;195000;0;1;0;1;0;0;2018-08-21;Admin1;2018-08-21;Admin1
249;;2;1;34901-KFV-B51 LEGE BOLAM DEPA;NS21117_4;17000;20000;0;1;0;1;0;0;2018-08-21;Admin1;2018-08-21;Admin1
250;;2;1;34906-GB6-921 ASTR BOLAM STOP;NS21117_5;10500;12000;0;1;0;1;0;0;2018-08-21;Admin1;2018-08-21;Admin1
251;;2;1;ALF6201RS BENING 6201;NS21117_6;39000;44000;0;1;0;1;0;0;2018-08-21;Admin1;2018-08-21;Admin1
252;;2;1;ALF6301RS BENING 6301;NS21117_7;47500;54000;0;1;0;1;0;0;2018-08-21;Admin1;2018-08-21;Admin1
253;;1;1;CVT SPRING TDR MIO J 1000 RPM BLACK;om3118_1;98000;145000;0;1;0;1;0;0;2018-08-21;Admin1;2018-08-21;Admin1
254;;1;1;CVT SPRING TDR MIO J 1500 RPM YELLOW;om3118_2;98000;145000;0;1;0;1;0;0;2018-08-21;Admin1;2018-08-21;Admin1
255;;1;1;CVT SPRING TDR MIO J 2000 RPM RED;om3118_3;98000;145000;0;1;0;1;0;0;2018-08-21;Admin1;2018-08-21;Admin1
256;;1;1;CLUTCH PLATE TDR RACING SER SHG 110;om3118_4;131000;190000;0;1;0;1;0;0;2018-08-21;Admin1;2018-08-21;Admin1
257;;1;1;TDR ROLLER CVT MIO 8 GRAM;om3118_5;60000;90000;0;1;0;1;0;0;2018-08-21;Admin1;2018-08-21;Admin1
258;;1;1;SPARK PLUG TDR V BALLISTIC 085;om3118_6;22500;33000;0;1;0;1;0;0;2018-08-21;Admin1;2018-08-21;Admin1
259;;1;1;SPARK PLUG TDR V BALLISTIC 065;OM5917_1;22500;28000;0;1;0;1;0;0;2018-08-21;Admin1;2018-08-21;Admin1
260;;1;1;CLUTCH PLATE TDR RACING SER JUP Z;OM5917_2;128000;180000;0;1;0;1;0;0;2018-08-21;Admin1;2018-08-21;Admin1
261;;1;1;SPOKE SET TDR 9/10 X 172;OM5917_4;43500;62000;0;1;0;1;0;0;2018-08-21;Admin1;2018-08-21;Admin1
262;;1;1;SPOKE SET TDR 9/10 X 157;OM5917_5;43500;62000;0;1;0;1;0;0;2018-08-21;Admin1;2018-08-21;Admin1
263;;1;1;CVT SPRING TDR BEAT/VAR 1500 RPM;OM7317_1;82500;120000;0;1;0;1;0;0;2018-08-21;Admin1;2018-08-21;Admin1
264;;1;1;CVT SPRING TDR BEAT/VAR 2000 RPM;OM7317_2;82500;120000;0;1;0;1;0;0;2018-08-21;Admin1;2018-08-21;Admin1
265;;1;1;CVT SPRING TDR MIO/VAR 1500 RPM;OM7317_3;57500;83000;0;1;0;1;0;0;2018-08-21;Admin1;2018-08-21;Admin1
266;;1;1;CVT SPRING TDR MIO/VAR 2000 RPM;OM7317_4;57500;83000;0;1;0;1;0;0;2018-08-21;Admin1;2018-08-21;Admin1
267;;1;1;CVT SPRING TDR SPIN/VAR 1500 RPM YEL;OM7317_5;82500;120000;0;1;0;1;0;0;2018-08-21;Admin1;2018-08-21;Admin1
268;;1;1;CVT SPRING TDR SPIN/VAR 2000 RPM RED;OM7317_6;82500;120000;0;1;0;1;0;0;2018-08-21;Admin1;2018-08-21;Admin1
269;;1;1;SPARK PLUG TDR SUPER IRIDIUM 071Z;OM7317_7;70000;100000;0;1;0;1;0;0;2018-08-21;Admin1;2018-08-21;Admin1
270;;2;1;cool blue osram;PMS_1;19734;28000;0;1;0;1;0;0;2018-08-21;Admin1;2018-08-21;Admin1
271;;6;1;BAN LUAR IRC 70/90-17NR69;PTM28318_1;108720;125000;0;1;0;1;0;0;2018-08-21;Admin1;2018-08-21;Admin1
272;;6;1;BAN LUAR IRC 90/90-17NR69;PTM28318_2;133920;158000;0;1;0;1;0;0;2018-08-21;Admin1;2018-08-21;Admin1
273;;1;1;BOLAM HALOGEN ASSY AC/DC NON KIPAS 3 MATA;RJ11817_1;90000;130000;0;1;0;1;0;0;2018-08-21;Admin1;2018-08-21;Admin1
274;;1;1;B OLAM STOP 57 MATA KEDIP BIRU ;RJ11817_2;20000;30000;0;1;0;1;0;0;2018-08-21;Admin1;2018-08-21;Admin1
275;;1;1;FUSTEP DEPAN KARET WARNA MERAH;RJ11817_3;10000;15000;0;1;0;1;0;0;2018-08-21;Admin1;2018-08-21;Admin1
276;;1;1;FUSTEP DEPAN KARET WARNA MERAH;RJ11817_4;10000;15000;0;1;0;1;0;0;2018-08-21;Admin1;2018-08-21;Admin1
277;;1;1;SPION JALU 3023 KOTAK MERAH;RJ11817_5;165000;150000;0;1;0;1;0;0;2018-08-21;Admin1;2018-08-21;Admin1
278;;1;1;TAHANAN GAS;RJ11817_6;4000;10000;0;1;0;1;0;0;2018-08-21;Admin1;2018-08-21;Admin1
279;;1;1;TAHANAN GAS;RJ11817_7;4000;10000;0;1;0;1;0;0;2018-08-21;Admin1;2018-08-21;Admin1
280;;1;1;TAHANAN GAS;RJ11817_8;4000;10000;0;1;0;1;0;0;2018-08-21;Admin1;2018-08-21;Admin1
281;;1;1;TAHANAN GAS;RJ11817_9;4000;10000;0;1;0;1;0;0;2018-08-21;Admin1;2018-08-21;Admin1
282;;1;1;SPION STD BESI SUPRA X HITAM;RJ18917_1;12610;20000;0;1;0;1;0;0;2018-08-21;Admin1;2018-08-21;Admin1
283;;1;1;PANEL NO START BIRU;RJ20917_1;12125;20000;0;1;0;1;0;0;2018-08-21;Admin1;2018-08-21;Admin1
284;;1;1;SPAKBOR BELAKANG YZ 85 BIRU;RJ20917_10;13580;22000;0;1;0;1;0;0;2018-08-21;Admin1;2018-08-21;Admin1
285;;1;1;SPAKBOR BELAKANG YZ 85 HIJAU;RJ20917_11;13580;22000;0;1;0;1;0;0;2018-08-21;Admin1;2018-08-21;Admin1
286;;1;1;SPAKBOR BELAKANG YZ 85 KUNING ;RJ20917_12;13580;22000;0;1;0;1;0;0;2018-08-21;Admin1;2018-08-21;Admin1
287;;1;1;SPAKBOR BELAKANG YZ 85 MERAH;RJ20917_13;13580;22000;0;1;0;1;0;0;2018-08-21;Admin1;2018-08-21;Admin1
288;;1;1;SPAKBOR BELAKANG YZ 85 ORANGE;RJ20917_14;13580;22000;0;1;0;1;0;0;2018-08-21;Admin1;2018-08-21;Admin1
289;;1;1;SPAKBOR DEPAN KLX 150 KUNING;RJ20917_15;19400;30000;0;1;0;1;0;0;2018-08-21;Admin1;2018-08-21;Admin1
290;;1;1;SPAKBOR DEPAN KLX 150 ORANGE;RJ20917_16;19400;30000;0;1;0;1;0;0;2018-08-21;Admin1;2018-08-21;Admin1
291;;1;1;SPAKBOR DEPAN YZ 85 BIRU;RJ20917_17;17460;28000;0;1;0;1;0;0;2018-08-21;Admin1;2018-08-21;Admin1
292;;1;1;SPAKBOR DEPAN YZ 85 HITAM;RJ20917_18;17460;28000;0;1;0;1;0;0;2018-08-21;Admin1;2018-08-21;Admin1
293;;1;1;SPAKBOR DEPAN YZ 85 HIJAU;RJ20917_19;17460;28000;0;1;0;1;0;0;2018-08-21;Admin1;2018-08-21;Admin1
294;;1;1;PANEL NO START HITAM;RJ20917_2;12125;20000;0;1;0;1;0;0;2018-08-21;Admin1;2018-08-21;Admin1
295;;1;1;SPAKBOR DEPAN YZ 85 KUNING;RJ20917_20;17460;28000;0;1;0;1;0;0;2018-08-21;Admin1;2018-08-21;Admin1
296;;1;1;SPAKBOR DEPAN YZ 85 ORANGE;RJ20917_21;17460;28000;0;1;0;1;0;0;2018-08-21;Admin1;2018-08-21;Admin1
297;;1;1;SPAKBOR DEPAN YZ 85 MERAH;RJ20917_22;17460;28000;0;1;0;1;0;0;2018-08-21;Admin1;2018-08-21;Admin1
298;;1;1;SPAKBOR DEPAN YZ 85 PUTIH;RJ20917_23;17460;28000;0;1;0;1;0;0;2018-08-21;Admin1;2018-08-21;Admin1
299;;1;1;PANEL NO START HIJAU;RJ20917_3;12125;20000;0;1;0;1;0;0;2018-08-21;Admin1;2018-08-21;Admin1
300;;1;1;PANEL NO START KUNING;RJ20917_4;12125;20000;0;1;0;1;0;0;2018-08-21;Admin1;2018-08-21;Admin1
301;;1;1;PANEL NO START MERAH;RJ20917_5;12125;20000;0;1;0;1;0;0;2018-08-21;Admin1;2018-08-21;Admin1
302;;1;1;PANEL NO START ORANGE;RJ20917_6;12125;20000;0;1;0;1;0;0;2018-08-21;Admin1;2018-08-21;Admin1
303;;1;1;SPAKBOR BELAKANG KLX 150 PENDEK BIRU;RJ20917_7;12610;20000;0;1;0;1;0;0;2018-08-21;Admin1;2018-08-21;Admin1
304;;1;1;SPAKBOR BELAKANG KLX 150 PENDEK KUNING;RJ20917_8;12610;20000;0;1;0;1;0;0;2018-08-21;Admin1;2018-08-21;Admin1
305;;1;1;SPAKBOR BELAKANG KLX 150 PENDEK MERAH;RJ20917_9;12610;20000;0;1;0;1;0;0;2018-08-21;Admin1;2018-08-21;Admin1
306;;1;1;SAYAP ABS CB 150 NEW (LOGO AUDI) MERAH POLOS;RJ281117_1;220000;300000;0;1;0;1;0;0;2018-08-21;Admin1;2018-08-21;Admin1
307;;1;1;RELAY SEN LED CVS;RJ281117_2;10000;13500;0;1;0;1;0;0;2018-08-21;Admin1;2018-08-21;Admin1
308;;1;1;SPAKBOR BELAKANG YZ 85 BIRU POLOS;RJ3118_1;14000;22000;0;1;0;1;0;0;2018-08-21;Admin1;2018-08-21;Admin1
309;;1;1;SPAKBOR BELAKANG YZ 85KUNING POLOS;RJ3118_2;14000;22000;0;1;0;1;0;0;2018-08-21;Admin1;2018-08-21;Admin1
310;;1;1;SPAKBOR BELAKANG YZ 85 ORANGE POLOS;RJ3118_3;14000;22000;0;1;0;1;0;0;2018-08-21;Admin1;2018-08-21;Admin1
311;;1;1;SPAKBOR BELAKANG KLX 150 PENDEK BIRU POLOS;RJ3118_4;13000;20000;0;1;0;1;0;0;2018-08-21;Admin1;2018-08-21;Admin1
312;;1;1;SPAKBOR BELAKANG KLX NEW ORANGE POLOS;RJ3118_5;17500;28000;0;1;0;1;0;0;2018-08-21;Admin1;2018-08-21;Admin1
313;;1;1;SPAKBOR DEPAN YZ 85 BIRU POLOS;RJ3118_6;18000;28000;0;1;0;1;0;0;2018-08-21;Admin1;2018-08-21;Admin1
314;;1;1;SPAKBOR DEPAN YZ 85 KUNING POLOS;RJ3118_7;18000;28000;0;1;0;1;0;0;2018-08-21;Admin1;2018-08-21;Admin1
315;;1;1;SPAKBOR DEPAN YZ 85 ORANGE POLOS;RJ3118_8;18000;28000;0;1;0;1;0;0;2018-08-21;Admin1;2018-08-21;Admin1
316;;1;1;SPAKBOR DEPAN KLX 150 ORANGE POLOS;RJ3118_9;20000;30000;0;1;0;1;0;0;2018-08-21;Admin1;2018-08-21;Admin1
317;;1;1;RELAY SEN LED;RJM11117_1;7760;12000;0;1;0;1;0;0;2018-08-21;Admin1;2018-08-21;Admin1
318;;1;1;STANG TRAIL FATBAR +DUDUKAN MODISH;RJM11117_2;130950;189000;0;1;0;1;0;0;2018-08-21;Admin1;2018-08-21;Admin1
319;;2;1;KLAKSON TOA + MIX 3 SUARA RAGBRIG;RO21117_1;75000;110000;0;1;0;1;0;0;2018-08-21;Admin1;2018-08-21;Admin1
320;;2;1;BOHLAM BEBEK D.0108 3 SISI;RO21117_10;35000;52000;0;1;0;1;0;0;2018-08-21;Admin1;2018-08-21;Admin1
321;;2;1;BENING KARET BALSTEP HITAM;RO21117_2;12500;20000;0;1;0;1;0;0;2018-08-21;Admin1;2018-08-21;Admin1
322;;2;1;BENING KARET BALSTEP MERAH;RO21117_3;12500;20000;0;1;0;1;0;0;2018-08-21;Admin1;2018-08-21;Admin1
323;;2;1;SELANG REM RACING BLUE 60 CM CRZ;RO21117_4;22500;35000;0;1;0;1;0;0;2018-08-21;Admin1;2018-08-21;Admin1
324;;2;1;SEN LED CB NEW 2 SISI K-P;RO21117_5;30000;45000;0;1;0;1;0;0;2018-08-21;Admin1;2018-08-21;Admin1
325;;2;1;FILTER UDARA KERUCUT VNI GOLD ;RO21117_6;17500;28000;0;1;0;1;0;0;2018-08-21;Admin1;2018-08-21;Admin1
326;;2;1;FILTER UDARA KERUCUT VNI RED;RO21117_7;17500;28000;0;1;0;1;0;0;2018-08-21;Admin1;2018-08-21;Admin1
327;;2;1;KARPET TEBAL BEAT F1 NEW 2017;RO21117_8;25000;40000;0;1;0;1;0;0;2018-08-21;Admin1;2018-08-21;Admin1
328;;2;1;SELANG REM 95 ORANGE ;RO21117_9;21000;33000;0;1;0;1;0;0;2018-08-21;Admin1;2018-08-21;Admin1
329;;2;1;BUSA SARI;RO81217_1;14000;22000;0;1;0;1;0;0;2018-08-21;Admin1;2018-08-21;Admin1
330;;2;1;HANDGRIP BINTANG RING + JALU VNI BLUE;RO81217_10;19000;29000;0;1;0;1;0;0;2018-08-21;Admin1;2018-08-21;Admin1
331;;2;1;HANDGRIP BINTANG RING + JALU KARET SILVER;RO81217_11;19000;29000;0;1;0;1;0;0;2018-08-21;Admin1;2018-08-21;Admin1
332;;2;1;KLAKSON WATER PROOF;RO81217_12;95000;140000;0;1;0;1;0;0;2018-08-21;Admin1;2018-08-21;Admin1
333;;2;1;KUNCI DISK HI-TECH SILVER ;RO81217_13;30000;45000;0;1;0;1;0;0;2018-08-21;Admin1;2018-08-21;Admin1
334;;2;1;SHOCK BELAKANG HYB-NEW 280 MM CRZ PUTIH;RO81217_14;150000;220000;0;1;0;1;0;0;2018-08-21;Admin1;2018-08-21;Admin1
335;;2;1;SHOCK BELAKANG HYB-NEW 280 MM CRZ MERAH;RO81217_15;150000;220000;0;1;0;1;0;0;2018-08-21;Admin1;2018-08-21;Admin1
336;;2;1;SHOCK BELAKANG HYB-NEW 340 MM CRZ PUTIH;RO81217_16;150000;220000;0;1;0;1;0;0;2018-08-21;Admin1;2018-08-21;Admin1
337;;2;1;SHOCK BELAKANG HYB-NEW 340 MM CRZ MERAH;RO81217_17;150000;220000;0;1;0;1;0;0;2018-08-21;Admin1;2018-08-21;Admin1
338;;2;1;TIANG PANEL TBL 5MM SILVER;RO81217_18;8000;15000;0;1;0;1;0;0;2018-08-21;Admin1;2018-08-21;Admin1
339;;2;1;SELANG REM 130 CM HIJAU MUDA;RO81217_2;25000;38000;0;1;0;1;0;0;2018-08-21;Admin1;2018-08-21;Admin1
340;;2;1;SELANG REM 130 CM HIJAU TUA;RO81217_3;25000;38000;0;1;0;1;0;0;2018-08-21;Admin1;2018-08-21;Admin1
341;;2;1;SELANG REM 130 CM BIRU;RO81217_4;25000;38000;0;1;0;1;0;0;2018-08-21;Admin1;2018-08-21;Admin1
342;;2;1;SELANG REM 130 CM SILVER;RO81217_5;25000;38000;0;1;0;1;0;0;2018-08-21;Admin1;2018-08-21;Admin1
343;;2;1;SELANG REM 130 CM MERAH;RO81217_6;25000;38000;0;1;0;1;0;0;2018-08-21;Admin1;2018-08-21;Admin1
344;;2;1;GAS DAYTONA POLOS;RO81217_7;25000;38000;0;1;0;1;0;0;2018-08-21;Admin1;2018-08-21;Admin1
345;;2;1;HANDGRIP BINTANG RING + JALU VINI GOLD;RO81217_8;19000;29000;0;1;0;1;0;0;2018-08-21;Admin1;2018-08-21;Admin1
346;;2;1;HANDGRIP BINTANG RING + JALU VINI  RED;RO81217_9;19000;29000;0;1;0;1;0;0;2018-08-21;Admin1;2018-08-21;Admin1
347;;2;1;BELT DRIVE/TALI KIPAS VARIO 150FI CHOHO;SN10417_1;77500;110000;0;1;0;1;0;0;2018-08-21;Admin1;2018-08-21;Admin1
348;;2;1;KEPET SLEBOR BLK GL PRO;SN10417_10;4305;8000;0;1;0;1;0;0;2018-08-21;Admin1;2018-08-21;Admin1
349;;2;1;KLEM SEBOR DEPAN TRAIL;SN10417_11;2520;5000;0;1;0;1;0;0;2018-08-21;Admin1;2018-08-21;Admin1
350;;2;1;SKALAR MINI;SN10417_12;2625;5000;0;1;0;1;0;0;2018-08-21;Admin1;2018-08-21;Admin1
351;;2;1;STANDAR TENGAH GRAND SUPRA;SN10417_13;1575;4000;0;1;0;1;0;0;2018-08-21;Admin1;2018-08-21;Admin1
352;;2;1;STANDAR TENGAH MIO;SN10417_14;2520;5000;0;1;0;1;0;0;2018-08-21;Admin1;2018-08-21;Admin1
353;;2;1;STANDAR TENGAH YAMAHA;SN10417_15;1575;4000;0;1;0;1;0;0;2018-08-21;Admin1;2018-08-21;Admin1
354;;2;1;KAWAT GAS BKS KECIL VESPA BINA;SN10417_16;1470;4000;0;1;0;1;0;0;2018-08-21;Admin1;2018-08-21;Admin1
355;;2;1;KAWAT KOPLING VESPA BINA;SN10417_17;1942;5000;0;1;0;1;0;0;2018-08-21;Admin1;2018-08-21;Admin1
356;;2;1;BELT DRIVE/TALI KIPAS VARIO 125NEW CHOHO;SN10417_2;81375;115000;0;1;0;1;0;0;2018-08-21;Admin1;2018-08-21;Admin1
357;;2;1;BELT DRIVE/TALI KIPAS VARIO MIO M3 CHOHO;SN10417_3;42625;60000;0;1;0;1;0;0;2018-08-21;Admin1;2018-08-21;Admin1
358;;2;1;BELT DRIVE/TALI KIPAS VARIO MIO J CHOHO;SN10417_4;42625;60000;0;1;0;1;0;0;2018-08-21;Admin1;2018-08-21;Admin1
359;;2;1;BELT DRIVE/TALI KIPAS VARIO VARIO TECHNO CHOHO;SN10417_5;48825;70000;0;1;0;1;0;0;2018-08-21;Admin1;2018-08-21;Admin1
360;;2;1;BELT DRIVE/TALI KIPAS VARIO MIO CHOHO;SN10417_6;38750;55000;0;1;0;1;0;0;2018-08-21;Admin1;2018-08-21;Admin1
361;;2;1;BELT DRIVE/TALI KIPAS VARIO BEAT POP CHOHO;SN10417_7;38750;55000;0;1;0;1;0;0;2018-08-21;Admin1;2018-08-21;Admin1
362;;2;1;BELT DRIVE/TALI KIPAS VARIO CHOHO;SN10417_8;42625;60000;0;1;0;1;0;0;2018-08-21;Admin1;2018-08-21;Admin1
363;;2;1;KEPET SLEBOR BLK AST GRAND ;SN10417_9;2625;5000;0;1;0;1;0;0;2018-08-21;Admin1;2018-08-21;Admin1
364;;2;1;A DISPAD @120 JUPITER MX CHOHO;SN22917_1;12600;18000;0;1;0;1;0;0;2018-08-21;Admin1;2018-08-21;Admin1
365;;2;1;A DISPAD @120 AST.SUFRA X CHOHO;SN22917_2;10800;16000;0;1;0;1;0;0;2018-08-21;Admin1;2018-08-21;Admin1
366;;2;1;A KAMPAS REM BELAKANG @60 JUP.MX/MIO CHOHO;SN22917_3;30600;44000;0;1;0;1;0;0;2018-08-21;Admin1;2018-08-21;Admin1
367;;2;1; A SWITCH STEATER @100 JUPITER/KRS CHOHO;SN22917_4;27000;40000;0;1;0;1;0;0;2018-08-21;Admin1;2018-08-21;Admin1
368;;2;1;COP LAMPU DEPAN 010 AST GRAND MERK HKR;SN28717_1;1470;3000;0;1;0;1;0;0;2018-08-21;Admin1;2018-08-21;Admin1
369;;2;1;KOPLING GANDA MIO BEAT OSK;SN28717_2;50400;72000;0;1;0;1;0;0;2018-08-21;Admin1;2018-08-21;Admin1
370;;2;1;SELANG BENSIN WARNA MERAH KUNING;SN28717_3;1050;2500;0;1;0;1;0;0;2018-08-21;Admin1;2018-08-21;Admin1
371;;2;1;DISC PAD FORCE ONE MERK CHOHO;SN28717_5;9900;15000;0;1;0;1;0;0;2018-08-21;Admin1;2018-08-21;Admin1
372;;2;1;DISC PAD RX KING MERK CHOHO;SN28717_6;11550;16000;0;1;0;1;0;0;2018-08-21;Admin1;2018-08-21;Admin1
373;;2;1;KOPLING GANDA VARIO MERK CHOHO;SN28717_7;84975;120000;0;1;0;1;0;0;2018-08-21;Admin1;2018-08-21;Admin1
374;;2;1;HOLDER SET110 SPIN;SN28717_8;24750;35000;0;1;0;1;0;0;2018-08-21;Admin1;2018-08-21;Admin1
375;;2;1;BOLP SPEDOMETER KUNING  T10;SN4317_1;315;1000;0;1;0;1;0;0;2018-08-21;Admin1;2018-08-21;Admin1
376;;2;1;A.ROLLER SET 5G MIO CHOHO;SN4317_10;26000;44000;0;1;0;1;0;0;2018-08-21;Admin1;2018-08-21;Admin1
377;;2;1;A.ROLLER SET 6G MIO CHOHO;SN4317_11;31000;33000;0;1;0;1;0;0;2018-08-21;Admin1;2018-08-21;Admin1
378;;2;1;A.ROLLER SET 6G MIO J CHOHO;SN4317_12;30925;33000;0;1;0;1;0;0;2018-08-21;Admin1;2018-08-21;Admin1
379;;2;1;A.ROLLER SET 9G MIO MJ CHOHO;SN4317_13;23250;30000;0;1;0;1;0;0;2018-08-21;Admin1;2018-08-21;Admin1
380;;2;1;A.ROLLER SET 9G XEON  CHOHO;SN4317_14;23250;30000;0;1;0;1;0;0;2018-08-21;Admin1;2018-08-21;Admin1
381;;2;1;A.ROLLER SET 10G BEAT CHOHO;SN4317_15;20920;33000;0;1;0;1;0;0;2018-08-21;Admin1;2018-08-21;Admin1
382;;2;1;A.ROLLER SET 10G MIO CHOHO;SN4317_16;31000;33000;0;1;0;1;0;0;2018-08-21;Admin1;2018-08-21;Admin1
383;;2;1;A.ROLLER SET 10G MIO MJ CHOHO;SN4317_17;23250;30000;0;1;0;1;0;0;2018-08-21;Admin1;2018-08-21;Admin1
384;;2;1;A.ROLLER SET 10G SPIN CHOHO;SN4317_18;23250;33000;0;1;0;1;0;0;2018-08-21;Admin1;2018-08-21;Admin1
385;;2;1;A.ROLLER SET 10G XEON CHOHO;SN4317_19;23250;30000;0;1;0;1;0;0;2018-08-21;Admin1;2018-08-21;Admin1
386;;2;1;CARBURATOR ASSY REVO NEW;SN4317_2;89250;125000;0;1;0;1;0;0;2018-08-21;Admin1;2018-08-21;Admin1
387;;2;1;A.ROLLER SET 10G BEAT CHOHO;SN4317_20;20925;33000;0;1;0;1;0;0;2018-08-21;Admin1;2018-08-21;Admin1
388;;2;1;A.ROLLER SET 11G MIO CHOHO;SN4317_21;31000;44000;0;1;0;1;0;0;2018-08-21;Admin1;2018-08-21;Admin1
389;;2;1;A.ROLLER SET 11G MIO MJ CHOHO;SN4317_22;23250;33000;0;1;0;1;0;0;2018-08-21;Admin1;2018-08-21;Admin1
390;;2;1;A.ROLLER SET 12G MIO MJ CHOHO;SN4317_23;23250;33000;0;1;0;1;0;0;2018-08-21;Admin1;2018-08-21;Admin1
391;;2;1;A.ROLLER SET 12G SPIN CHOHO;SN4317_24;23250;33000;0;1;0;1;0;0;2018-08-21;Admin1;2018-08-21;Admin1
392;;2;1;A.ROLLER SET 13G VARIO CHOHO;SN4317_25;20925;30000;0;1;0;1;0;0;2018-08-21;Admin1;2018-08-21;Admin1
393;;2;1;A.ROLLER SET 13G BEAT POP CHOHO;SN4317_26;20925;30000;0;1;0;1;0;0;2018-08-21;Admin1;2018-08-21;Admin1
394;;2;1;A.ROLLER SET 13G MIO MJ CHOHO;SN4317_27;23250;33000;0;1;0;1;0;0;2018-08-21;Admin1;2018-08-21;Admin1
395;;2;1;A.ROLLER SET 13G VARIO TECNO CHOHO;SN4317_28;23250;33000;0;1;0;1;0;0;2018-08-21;Admin1;2018-08-21;Admin1
396;;2;1;A.ROLLER SET 14G BEAT POP CHOHO;SN4317_29;20925;30000;0;1;0;1;0;0;2018-08-21;Admin1;2018-08-21;Admin1
397;;2;1;FOOTSTEP BELAKANG JUPITER Z;SN4317_3;9975;14000;0;1;0;1;0;0;2018-08-21;Admin1;2018-08-21;Admin1
398;;2;1;A.ROLLER SET 14G VARIO TECKNO CHOHO;SN4317_30;23250;33000;0;1;0;1;0;0;2018-08-21;Admin1;2018-08-21;Admin1
399;;2;1;A.ROLLER SET 15G BEAT POP CHOHO;SN4317_31;20925;30000;0;1;0;1;0;0;2018-08-21;Admin1;2018-08-21;Admin1
400;;2;1;A.ROLLER SET 15G VARIO TECKNO CHOHO;SN4317_32;23250;30000;0;1;0;1;0;0;2018-08-21;Admin1;2018-08-21;Admin1
401;;2;1;A.ROLLER SET 16G VARIO TECNO 16G CHOHO;SN4317_33;20925;33000;0;1;0;1;0;0;2018-08-21;Admin1;2018-08-21;Admin1
402;;2;1;A.ROLLER SET 16G VARIO TECNO 17G CHOHO;SN4317_35;23250;33000;0;1;0;1;0;0;2018-08-21;Admin1;2018-08-21;Admin1
403;;2;1;A.ROLLER SET 15G VARIO TECKNO 18 G CHOHO;SN4317_36;23250;33000;0;1;0;1;0;0;2018-08-21;Admin1;2018-08-21;Admin1
404;;2;1;FOOTSTEP BELAKANG SHOGUN;SN4317_4;8925;13000;0;1;0;1;0;0;2018-08-21;Admin1;2018-08-21;Admin1
405;;2;1;FOOTSTEP BELAKANG FORCE 1;SN4317_5;8925;13000;0;1;0;1;0;0;2018-08-21;Admin1;2018-08-21;Admin1
406;;2;1;KUNCI KONTAK RC 80;SN4317_6;9925;20000;0;1;0;1;0;0;2018-08-21;Admin1;2018-08-21;Admin1
407;;2;1;KUNCI KONTAK RC 110;SN4317_7;18900;27000;0;1;0;1;0;0;2018-08-21;Admin1;2018-08-21;Admin1
408;;2;1;PEDAL REM TEBAL F12R;SN4317_8;18900;27000;0;1;0;1;0;0;2018-08-21;Admin1;2018-08-21;Admin1
409;;2;1;RELAY 12 V;SN4317_9;4725;8000;0;1;0;1;0;0;2018-08-21;Admin1;2018-08-21;Admin1
410;;2;1;A DISPAD JUPITER MX CHOHO ;SN6117_1;10850;17000;0;1;0;1;0;0;2018-08-21;Admin1;2018-08-21;Admin1
411;;2;1;TERMINAL BULAT JANTAN;SN6117_10;168;500;0;1;0;1;0;0;2018-08-21;Admin1;2018-08-21;Admin1
412;;2;1;TERMINAL GEPENG BETINA;SN6117_11;178.5;500;0;1;0;1;0;0;2018-08-21;Admin1;2018-08-21;Admin1
413;;2;1;TERMINAL GEPENG JANTAN;SN6117_12;178.5;500;0;1;0;1;0;0;2018-08-21;Admin1;2018-08-21;Admin1
414;;2;1;A DISPAD SPIN 125 CHOHO ;SN6117_2;10850;17000;0;1;0;1;0;0;2018-08-21;Admin1;2018-08-21;Admin1
415;;2;1;A DISPAD MIO M3 CHOHO ;SN6117_3;10850;17000;0;1;0;1;0;0;2018-08-21;Admin1;2018-08-21;Admin1
416;;2;1;A SPOOL ASSY + FULSER FORCE 1 CHOHO;SN6117_4;98425;140000;0;1;0;1;0;0;2018-08-21;Admin1;2018-08-21;Admin1
417;;2;1;A SPOOL ASSY + FULSER MIO J CHOHO;SN6117_5;124000;175000;0;1;0;1;0;0;2018-08-21;Admin1;2018-08-21;Admin1
418;;2;1;A SPOOL ASSY + FULSER REVO ABS CHOHO;SN6117_6;102300;145000;0;1;0;1;0;0;2018-08-21;Admin1;2018-08-21;Admin1
419;;2;1;A SPOOL ASSY + FULSER SATRIA F150 CHOHO;SN6117_7;102300;145000;0;1;0;1;0;0;2018-08-21;Admin1;2018-08-21;Admin1
420;;2;1;A SPOOL ASSY + FULSER VEGA R NEW CHOHO;SN6117_8;124000;175000;0;1;0;1;0;0;2018-08-21;Admin1;2018-08-21;Admin1
421;;2;1;GIGI SPEDO ASSY NEW SHOGUN TZENG;SN6117_9;8925;13000;0;1;0;1;0;0;2018-08-21;Admin1;2018-08-21;Admin1
422;;2;1;ROLLER SPIN 10GR CHOHO;SN8518_1;27000;39000;0;1;0;1;0;0;2018-08-21;Admin1;2018-08-21;Admin1
423;;2;1;ROLLER  SPIN 11GR CHOHO;SN8518_2;27000;39000;0;1;0;1;0;0;2018-08-21;Admin1;2018-08-21;Admin1
424;;2;1;DISPAD MIO M3 CHOHO;SN8518_3;12600;20000;0;1;0;1;0;0;2018-08-21;Admin1;2018-08-21;Admin1
425;;2;1;DISPAD JUPITER MX CHOHO;SN8518_4;12600;20000;0;1;0;1;0;0;2018-08-21;Admin1;2018-08-21;Admin1
426;;2;1;BOLP HALOGEN 12V/35 W AST GRAND CHOHO;SN8518_5;5850;10000;0;1;0;1;0;0;2018-08-21;Admin1;2018-08-21;Admin1
427;;2;1;KARET BARSTEP ASTREA GRAND HKR;SN8518_6;4725;9000;0;1;0;1;0;0;2018-08-21;Admin1;2018-08-21;Admin1
428;;2;1;AS RODA DEPAN SCORPIO BUANA;SN8518_7;10290;14000;0;1;0;1;0;0;2018-08-21;Admin1;2018-08-21;Admin1
429;;2;1;AS RODA BELAKANG SCORPIO BUANA;SN8518_8;13020;20000;0;1;0;1;0;0;2018-08-21;Admin1;2018-08-21;Admin1
430;;1;1;alarm universal panastar;sp13417_1;143075;210000;0;1;0;1;0;0;2018-08-21;Admin1;2018-08-21;Admin1
431;;1;1;hydrolik jok universal;sp13417_2;12610;20000;0;1;0;1;0;0;2018-08-21;Admin1;2018-08-21;Admin1
432;;1;1;peninggi shcok posh igawa;sp13417_3;11640;18000;0;1;0;1;0;0;2018-08-21;Admin1;2018-08-21;Admin1
433;;1;1;deker import standart;sp13417_4;58200;85000;0;1;0;1;0;0;2018-08-21;Admin1;2018-08-21;Admin1
434;;1;1;kleman spakbor cnc universal;sp13417_5;17945;28000;0;1;0;1;0;0;2018-08-21;Admin1;2018-08-21;Admin1
435;;1;1;shcok top up dbs;sp13417_6;97000;140000;0;1;0;1;0;0;2018-08-21;Admin1;2018-08-21;Admin1
436;;1;1;shock top up dbs;sp13417_7;97000;140000;0;1;0;1;0;0;2018-08-21;Admin1;2018-08-21;Admin1
437;;1;1;kleman knalpor modish;sp13417_8;10670;16000;0;1;0;1;0;0;2018-08-21;Admin1;2018-08-21;Admin1
438;;1;1;RELAY SEN KEDIP UNIVERS CR-7/DY;SP261017_1;10500;15000;0;1;0;1;0;0;2018-08-21;Admin1;2018-08-21;Admin1
439;;1;1;UNDERTAIL TRANSFORMER + LMP LED VIXION 17 (H) POLOS;SP261017_2;155000;220000;0;1;0;1;0;0;2018-08-21;Admin1;2018-08-21;Admin1
440;;1;1;UNDERTAIL + SEN LED + BRAKET VIXION 13 NEMO;SP261017_3;130000;185000;0;1;0;1;0;0;2018-08-21;Admin1;2018-08-21;Admin1
441;;1;1;PENINGGI MONOSHOK BWH+BAUT;SP2617_1;11640;20000;0;1;0;1;0;0;2018-08-21;Admin1;2018-08-21;Admin1
442;;1;1;BOLAM HID 3 LED ASSY 30 W RTD;SP2617_2;111550;165000;0;1;0;1;0;0;2018-08-21;Admin1;2018-08-21;Admin1
443;;1;1;SPION FAIRING MIO TOMOK Merah igawa;SP2617_3;48500;70000;0;1;0;1;0;0;2018-08-21;Admin1;2018-08-21;Admin1
444;;1;1;CARBURATOR PE28 RIDE IT;SP31517_1;174600;255000;0;1;0;1;0;0;2018-08-21;Admin1;2018-08-21;Admin1
445;;1;1;PENINGGI STANG POLESH YAMAHA ZEUS;SP31517_2;36860;55000;0;1;0;1;0;0;2018-08-21;Admin1;2018-08-21;Admin1
446;;1;1;BUSI RACING (065) KARISMA TDR;SP4917_1;25000;30000;0;1;0;1;0;0;2018-08-21;Admin1;2018-08-21;Admin1
447;;1;1;VISOR TEBAL;SP4917_2;120000;168000;0;1;0;1;0;0;2018-08-21;Admin1;2018-08-21;Admin1
448;;1;1;SPION JALU CNC (3023);SP4917_3;170000;238000;0;1;0;1;0;0;2018-08-21;Admin1;2018-08-21;Admin1
449;;1;1;KRAN BENSIN TMNT;SP7117_1;7275;11000;0;1;0;1;0;0;2018-08-21;Admin1;2018-08-21;Admin1
450;;1;1;PENINGGI SHOCK POSH TEBAL MONSTER;SP7117_2;15520;225000;0;1;0;1;0;0;2018-08-21;Admin1;2018-08-21;Admin1
451;;1;1;FILTER BINSI MDL KITACO CR 7;SP7117_3;16975;25000;0;1;0;1;0;0;2018-08-21;Admin1;2018-08-21;Admin1
452;;2;1;JAS HUJAN PONCHO GAJAH;SP7117_4;26675;39000;0;1;0;1;0;0;2018-08-21;Admin1;2018-08-21;Admin1
453;;1;1;RELAY KLAKSON SINAGAWA;SP7317_1;9500;13500;0;1;0;1;0;0;2018-08-21;Admin1;2018-08-21;Admin1
454;;1;1;LAMPU STROBO KOTAK LED 4X2 PUTIH SRF;SP91217_1;150000;215000;0;1;0;1;0;0;2018-08-21;Admin1;2018-08-21;Admin1
455;;1;1;CHARGER HP + VOLTMETER UNIVERS TST;SP91217_2;105000;150000;0;1;0;1;0;0;2018-08-21;Admin1;2018-08-21;Admin1
456;;1;1;GANTUNGAN BARANG MATIC CR 7;SP91217_3;10000;15000;0;1;0;1;0;0;2018-08-21;Admin1;2018-08-21;Admin1
457;;1;1;COIL RACING UNIVERSAL RIDE IT;SPC10717_1;63050;95000;0;1;0;1;0;0;2018-08-21;Admin1;2018-08-21;Admin1
458;;1;1;STANG MCR TIGER MERK TPM;SPC10717_2;24250;37000;0;1;0;1;0;0;2018-08-21;Admin1;2018-08-21;Admin1
459;;1;1;STANG MCR BYSON MERK TPM;SPC10717_3;27160;40000;0;1;0;1;0;0;2018-08-21;Admin1;2018-08-21;Admin1
460;;1;1;STANG JEPIT DRAG 4 UKURAN MERK RIDE IT;SPC10717_4;44620;67000;0;1;0;1;0;0;2018-08-21;Admin1;2018-08-21;Admin1
461;;1;1;DUDUKAN PLAT NO BESI VIXION;SPC10717_5;12125;20000;0;1;0;1;0;0;2018-08-21;Admin1;2018-08-21;Admin1
462;;1;1;HANDLE SET STELAN MOTTO GP;SPC10717_6;46560;70000;0;1;0;1;0;0;2018-08-21;Admin1;2018-08-21;Admin1
463;;1;1;PERCVT VARIO KTC 1500 RPM;SPC4518_1;76630;114000;0;1;0;1;0;0;2018-08-21;Admin1;2018-08-21;Admin1
464;;1;1;PER OTOMATIS KOPLING MIO KTC 1500 RPM;SPC4518_2;28130;43000;0;1;0;1;0;0;2018-08-21;Admin1;2018-08-21;Admin1
465;;1;1;PER OTOMATIS KOPLING VARIO KTC 1500 RPM;SPC4518_3;28130;43000;0;1;0;1;0;0;2018-08-21;Admin1;2018-08-21;Admin1
466;;1;1;SARUNG MOTOR STANDAR KARET URBAN;SPC4518_4;77600;115000;0;1;0;1;0;0;2018-08-21;Admin1;2018-08-21;Admin1
467;;1;1;RELAY KLAKSON KOTAK SINAGAWA;SPC7317_1;92150;135000;0;1;0;1;0;0;2018-08-21;Admin1;2018-08-21;Admin1
468;;1;1;KLEMAN KNALPOT WARNA MODISH;SPC7317_2;10670;16000;0;1;0;1;0;0;2018-08-21;Admin1;2018-08-21;Admin1
469;;1;1;JARING HELM HITAM POSH;SPC7317_3;7275;11000;0;1;0;1;0;0;2018-08-21;Admin1;2018-08-21;Admin1
470;;1;1;TABUNG OLI SAMPING POLOS;SPC7317_4;5092.5;8000;0;1;0;1;0;0;2018-08-21;Admin1;2018-08-21;Admin1
471;;1;1;STANG MDR BISON;SPC7317_5;24250;35000;0;1;0;1;0;0;2018-08-21;Admin1;2018-08-21;Admin1
472;;2;1;MANGKOK GANDA SUPRA FIAY;SR2118_1;51100;72000;0;1;0;1;0;0;2018-08-21;Admin1;2018-08-21;Admin1
473;;2;1;COMSUR FU IP;SR2118_10;41000;58000;0;1;0;1;0;0;2018-08-21;Admin1;2018-08-21;Admin1
474;;2;1;SWIT STATER VARIO ALTI;SR2118_11;30600;43000;0;1;0;1;0;0;2018-08-21;Admin1;2018-08-21;Admin1
475;;2;1;DISC PAD MIO ASPIRA;SR2118_12;21060;30000;0;1;0;1;0;0;2018-08-21;Admin1;2018-08-21;Admin1
476;;2;1;DISC PAD MIO NEW ASPIRA;SR2118_13;21060;30000;0;1;0;1;0;0;2018-08-21;Admin1;2018-08-21;Admin1
477;;2;1;KRAN BENSIN NEOTEK;SR2118_14;22500;32000;0;1;0;1;0;0;2018-08-21;Admin1;2018-08-21;Admin1
478;;2;1;VIXION NEW IP;SR2118_17;121275;242550;0;1;0;1;0;0;2018-08-21;Admin1;2018-08-21;Admin1
479;;2;1;FLASER RITING 12 VOLT MERK WILZ;SR2118_18;6500;10000;0;1;0;1;0;0;2018-08-21;Admin1;2018-08-21;Admin1
480;;2;1;SWIT REM JUPITER ;SR2118_19;6000;9000;0;1;0;1;0;0;2018-08-21;Admin1;2018-08-21;Admin1
481;;2;1;KANPAS GANDA SUPRA FICY;SR2118_2;43150;62000;0;1;0;1;0;0;2018-08-21;Admin1;2018-08-21;Admin1
482;;2;1;ROLER VARIO 8,9,10;SR2118_20;21500;32000;0;1;0;1;0;0;2018-08-21;Admin1;2018-08-21;Admin1
483;;2;1;ROLER SPIN;SR2118_21;21500;32000;0;1;0;1;0;0;2018-08-21;Admin1;2018-08-21;Admin1
484;;2;1;OLI GARDAN YAMAHA;SR2118_3;11000;16000;0;1;0;1;0;0;2018-08-21;Admin1;2018-08-21;Admin1
485;;2;1;OLI GARDAN ALTI;SR2118_4;12000;17000;0;1;0;1;0;0;2018-08-21;Admin1;2018-08-21;Admin1
486;;2;1;KIPROX MIO;SR2118_5;48900;69000;0;1;0;1;0;0;2018-08-21;Admin1;2018-08-21;Admin1
487;;2;1;BUSI MX;SR2118_6;12500;18000;0;1;0;1;0;0;2018-08-21;Admin1;2018-08-21;Admin1
488;;2;1;G301 ASPIRA;SR2118_7;12000;17000;0;1;0;1;0;0;2018-08-21;Admin1;2018-08-21;Admin1
489;;2;1;G201 ASPIRA;SR2118_8;9500;14000;0;1;0;1;0;0;2018-08-21;Admin1;2018-08-21;Admin1
490;;2;1;G300 ASPIRA;SR2118_9;11500;17000;0;1;0;1;0;0;2018-08-21;Admin1;2018-08-21;Admin1
491;;2;1;schok yss matic;t11517_1;260000;375000;0;1;0;1;0;0;2018-08-21;Admin1;2018-08-21;Admin1
492;;2;1;GANTUNGAN BRG ROBOT;t11517_10;9000;15000;0;1;0;1;0;0;2018-08-21;Admin1;2018-08-21;Admin1
493;;2;1;GANTUNGAN BRG CROM;t11517_11;9000;15000;0;1;0;1;0;0;2018-08-21;Admin1;2018-08-21;Admin1
494;;2;1;CAIRAN BAN TUBLES;t11517_12;20000;30000;0;1;0;1;0;0;2018-08-21;Admin1;2018-08-21;Admin1
495;;2;1;KAWAT AQUA;t11517_13;8000;15000;0;1;0;1;0;0;2018-08-21;Admin1;2018-08-21;Admin1
496;;2;1;BOLAM BBK 2 SISI;t11517_14;25000;375000;0;1;0;1;0;0;2018-08-21;Admin1;2018-08-21;Admin1
497;;2;1;BOLAM H4 2 SISI;t11517_15;30000;45000;0;1;0;1;0;0;2018-08-21;Admin1;2018-08-21;Admin1
498;;2;1;KARET HANFAT 93;t11517_16;6000;10000;0;1;0;1;0;0;2018-08-21;Admin1;2018-08-21;Admin1
499;;2;1;STOP LED;t11517_17;15000;24000;0;1;0;1;0;0;2018-08-21;Admin1;2018-08-21;Admin1
500;;2;1;BOLAM BBK TDH;t11517_18;9500;15000;0;1;0;1;0;0;2018-08-21;Admin1;2018-08-21;Admin1
501;;2;1;SEN COLOK 10 MATA;t11517_19;5000;10000;0;1;0;1;0;0;2018-08-21;Admin1;2018-08-21;Admin1
502;;2;1;shock dbs bebek;t11517_2;90000;130000;0;1;0;1;0;0;2018-08-21;Admin1;2018-08-21;Admin1
503;;2;1;PAPAN NO TRAIL;t11517_20;14000;23000;0;1;0;1;0;0;2018-08-21;Admin1;2018-08-21;Admin1
504;;2;1;REF VIXION BTN HITAM;t11517_21;55000;80000;0;1;0;1;0;0;2018-08-21;Admin1;2018-08-21;Admin1
505;;2;1;KARPET BEAT;t11517_22;25000;36000;0;1;0;1;0;0;2018-08-21;Admin1;2018-08-21;Admin1
506;;2;1;SPION PANOM AFRIKA;t11517_23;16000;25000;0;1;0;1;0;0;2018-08-21;Admin1;2018-08-21;Admin1
507;;2;1;SPION DUNO;t11517_24;18000;30000;0;1;0;1;0;0;2018-08-21;Admin1;2018-08-21;Admin1
508;;2;1;botn shcok beat;t11517_3;145000;210000;0;1;0;1;0;0;2018-08-21;Admin1;2018-08-21;Admin1
509;;2;1;schok yok matic dbs;t11517_4;140000;205000;0;1;0;1;0;0;2018-08-21;Admin1;2018-08-21;Admin1
510;;2;1;stang clip on ;t11517_5;90000;130000;0;1;0;1;0;0;2018-08-21;Admin1;2018-08-21;Admin1
511;;2;1;baut  L;t11517_6;525;1500;0;1;0;1;0;0;2018-08-21;Admin1;2018-08-21;Admin1
512;;2;1;KLAKSON TOB;t11517_7;160000;235000;0;1;0;1;0;0;2018-08-21;Admin1;2018-08-21;Admin1
513;;2;1;DISC 2TANG MX COMBIS;t11517_8;47500;70000;0;1;0;1;0;0;2018-08-21;Admin1;2018-08-21;Admin1
514;;2;1;DISC 2TANG NMAX COMBIS;t11517_9;60000;88000;0;1;0;1;0;0;2018-08-21;Admin1;2018-08-21;Admin1
515;;1;1;SPION TOMOK DAUN E2;T15118_1;57500;90000;0;1;0;1;0;0;2018-08-21;Admin1;2018-08-21;Admin1
516;;1;1;LAMPU LED RTB 3 SISI;T15118_2;120000;180000;0;1;0;1;0;0;2018-08-21;Admin1;2018-08-21;Admin1
517;;1;1;LAMPU LED RTB 6 SISI;T15118_3;135000;200000;0;1;0;1;0;0;2018-08-21;Admin1;2018-08-21;Admin1
518;;1;1;TALI TIS 10 MM;T15118_4;4500;150000;0;1;0;1;0;0;2018-08-21;Admin1;2018-08-21;Admin1
519;;1;1;TALI TIS 150 MM;T15118_5;6500;200000;0;1;0;1;0;0;2018-08-21;Admin1;2018-08-21;Admin1
520;;1;1;TALI TIS 200 M;T15118_6;12000;400000;0;1;0;1;0;0;2018-08-21;Admin1;2018-08-21;Admin1
521;;1;1;BOLAM BEBEK 2 SISI;T15118_7;21000;32000;0;1;0;1;0;0;2018-08-21;Admin1;2018-08-21;Admin1
522;;1;1;GANTUNGAN BARANG Q MATIC E 2 ;T15118_8;10000;15000;0;1;0;1;0;0;2018-08-21;Admin1;2018-08-21;Admin1
523;;2;1;KUPINGAN LAMPU CB;T19217_1;21000;30000;0;1;0;1;0;0;2018-08-21;Admin1;2018-08-21;Admin1
524;;2;1;KLAKSON TELOLET;T19217_10;150000;215000;0;1;0;1;0;0;2018-08-21;Admin1;2018-08-21;Admin1
525;;2;1;FLASER THOURING;T19217_11;25000;37000;0;1;0;1;0;0;2018-08-21;Admin1;2018-08-21;Admin1
526;;2;1;STIKER TANGPET;T19217_12;9000;15000;0;1;0;1;0;0;2018-08-21;Admin1;2018-08-21;Admin1
527;;2;1;PLAT LUBANG;T19217_13;2000;5000;0;1;0;1;0;0;2018-08-21;Admin1;2018-08-21;Admin1
528;;2;1;SPION NMAX MERAH;T19217_14;275000;390000;0;1;0;1;0;0;2018-08-21;Admin1;2018-08-21;Admin1
529;;2;1;LAMPU H4 PELANGI;T19217_15;37500;55000;0;1;0;1;0;0;2018-08-21;Admin1;2018-08-21;Admin1
530;;2;1;SPAKBOR YZ;T19217_16;25000;40000;0;1;0;1;0;0;2018-08-21;Admin1;2018-08-21;Admin1
531;;2;1;SELANG OLI SEDANG;T19217_17;60000;85000;0;1;0;1;0;0;2018-08-21;Admin1;2018-08-21;Admin1
532;;2;1;LAMPU STOP LED +SEN;T19217_18;30000;45000;0;1;0;1;0;0;2018-08-21;Admin1;2018-08-21;Admin1
533;;2;1;PENINGGI SHOCK MATIC;T19217_2;9000;15000;0;1;0;1;0;0;2018-08-21;Admin1;2018-08-21;Admin1
534;;2;1;SEN SEGITIGA;T19217_3;21000;32000;0;1;0;1;0;0;2018-08-21;Admin1;2018-08-21;Admin1
535;;2;1;FLASER THOURING;T19217_4;22000;33000;0;1;0;1;0;0;2018-08-21;Admin1;2018-08-21;Admin1
536;;2;1;KARET HANDEL DB;T19217_5;7500;12000;0;1;0;1;0;0;2018-08-21;Admin1;2018-08-21;Admin1
537;;2;1;BOLAM BEBEK LED ;T19217_6;25000;36000;0;1;0;1;0;0;2018-08-21;Admin1;2018-08-21;Admin1
538;;2;1;HANDEL VISION AGRAS;T19217_7;55000;80000;0;1;0;1;0;0;2018-08-21;Admin1;2018-08-21;Admin1
539;;2;1;TUTUP DOB FUL CNC;T19217_8;18500;27000;0;1;0;1;0;0;2018-08-21;Admin1;2018-08-21;Admin1
540;;2;1;SELANG REM 130;T19217_9;25000;36000;0;1;0;1;0;0;2018-08-21;Admin1;2018-08-21;Admin1
541;;2;1;KETOK NINJA R;T19817_1;125000;185000;0;1;0;1;0;0;2018-08-21;Admin1;2018-08-21;Admin1
542;;2;1;PENINGGI SHOCK MATIC;T19817_10;9000;15000;0;1;0;1;0;0;2018-08-21;Admin1;2018-08-21;Admin1
543;;2;1;SP.TRANSFORMER KOTAK;T19817_11;37000;54000;0;1;0;1;0;0;2018-08-21;Admin1;2018-08-21;Admin1
544;;2;1;TRUSTY NUI MIO ;T19817_12;105000;155000;0;1;0;1;0;0;2018-08-21;Admin1;2018-08-21;Admin1
545;;2;1;TRUSTY NUI VARIO;T19817_13;105000;155000;0;1;0;1;0;0;2018-08-21;Admin1;2018-08-21;Admin1
546;;2;1;STOP 13 LED;T19817_2;10000;16000;0;1;0;1;0;0;2018-08-21;Admin1;2018-08-21;Admin1
547;;2;1;TUTUP MINYAK REM STEMPEL;T19817_3;35000;52000;0;1;0;1;0;0;2018-08-21;Admin1;2018-08-21;Admin1
548;;2;1;SEN COLOK 24 LED 6  BLITS;T19817_4;14500;23000;0;1;0;1;0;0;2018-08-21;Admin1;2018-08-21;Admin1
549;;2;1;HID LED 6 SISI C2K;T19817_5;110000;160000;0;1;0;1;0;0;2018-08-21;Admin1;2018-08-21;Admin1
550;;2;1;BOLAM TDH;T19817_6;11000;18000;0;1;0;1;0;0;2018-08-21;Admin1;2018-08-21;Admin1
551;;2;1;PC NAGOYA 2 TONE BELAKANG SUPRA 125;T19817_7;45000;67000;0;1;0;1;0;0;2018-08-21;Admin1;2018-08-21;Admin1
552;;2;1;JARI + TDR 159;T19817_8;42500;63000;0;1;0;1;0;0;2018-08-21;Admin1;2018-08-21;Admin1
553;;2;1;PAHA REM RO;T19817_9;27500;42000;0;1;0;1;0;0;2018-08-21;Admin1;2018-08-21;Admin1
554;;2;1;VISOR N MAX +STIKER ;T20317_1;155000;235000;0;1;0;1;0;0;2018-08-21;Admin1;2018-08-21;Admin1
555;;2;1;SPION RETRO STIKER ;T20317_2;24000;37500;0;1;0;1;0;0;2018-08-21;Admin1;2018-08-21;Admin1
556;;2;1;RAISER STAMB AGRAS;T20317_3;45000;70000;0;1;0;1;0;0;2018-08-21;Admin1;2018-08-21;Admin1
557;;2;1;SHOCK DBS BEBEK;T20317_4;90000;140000;0;1;0;1;0;0;2018-08-21;Admin1;2018-08-21;Admin1
558;;2;1;TENSIONER RANTAI MURAH;T20317_5;14000;22500;0;1;0;1;0;0;2018-08-21;Admin1;2018-08-21;Admin1
559;;2;1;SEN MINI TIGER;T20317_6;9000;15000;0;1;0;1;0;0;2018-08-21;Admin1;2018-08-21;Admin1
560;;2;1;KARPET KARET MONSTER BEAT & VARIO;T22117_1;25000;36000;0;1;0;1;0;0;2018-08-21;Admin1;2018-08-21;Admin1
561;;2;1;PLAT NO KOTAK;T22117_10;12000;20000;0;1;0;1;0;0;2018-08-21;Admin1;2018-08-21;Admin1
562;;2;1;PROGUAD ROBOT;T22117_11;45000;65000;0;1;0;1;0;0;2018-08-21;Admin1;2018-08-21;Admin1
563;;2;1;PROGUAD AMX;T22117_12;40000;60000;0;1;0;1;0;0;2018-08-21;Admin1;2018-08-21;Admin1
564;;2;1;SPION 1225;T22117_13;15000;36000;0;1;0;1;0;0;2018-08-21;Admin1;2018-08-21;Admin1
565;;2;1;VISOR FU WARNA ATAS LAMA;T22117_14;25000;36000;0;1;0;1;0;0;2018-08-21;Admin1;2018-08-21;Admin1
566;;2;1;KM;T22117_15;38000;55000;0;1;0;1;0;0;2018-08-21;Admin1;2018-08-21;Admin1
567;;2;1;RPM;T22117_16;38000;55000;0;1;0;1;0;0;2018-08-21;Admin1;2018-08-21;Admin1
568;;2;1;VISOR FU LMA WARNA;T22117_17;25000;36000;0;1;0;1;0;0;2018-08-21;Admin1;2018-08-21;Admin1
569;;2;1;SEN RITING D076;T22117_2;25000;36000;0;1;0;1;0;0;2018-08-21;Admin1;2018-08-21;Admin1
570;;2;1;LAMPU STOP LASER;T22117_3;15000;22000;0;1;0;1;0;0;2018-08-21;Admin1;2018-08-21;Admin1
571;;2;1;JALU STANG ASI;T22117_4;19000;28000;0;1;0;1;0;0;2018-08-21;Admin1;2018-08-21;Admin1
572;;2;1;LAMPU STOP 13LED;T22117_5;10000;15000;0;1;0;1;0;0;2018-08-21;Admin1;2018-08-21;Admin1
573;;2;1;UNDERBONE FAST SATRIA FU;T22117_6;225000;315000;0;1;0;1;0;0;2018-08-21;Admin1;2018-08-21;Admin1
574;;2;1;SPAKBOR KOLONG NMAC CAKRAM;T22117_7;155000;220000;0;1;0;1;0;0;2018-08-21;Admin1;2018-08-21;Admin1
575;;2;1;VISOR FU LAMA BENING;T22117_8;22500;33000;0;1;0;1;0;0;2018-08-21;Admin1;2018-08-21;Admin1
576;;2;1;GRIP PROTEPER DORI;T22117_9;17000;25000;0;1;0;1;0;0;2018-08-21;Admin1;2018-08-21;Admin1
577;;5;1;YAMALUBE MATIC 2AX0,8;T41217_1;32500;38000;0;1;0;1;0;0;2018-08-21;Admin1;2018-08-21;Admin1
578;;5;1;OLI MPX 2AX0,8;T41217_2;37500;44000;0;1;0;1;0;0;2018-08-21;Admin1;2018-08-21;Admin1
579;;5;1;ENDURO MATIC 6X0,8;T41217_3;38000;45000;0;1;0;1;0;0;2018-08-21;Admin1;2018-08-21;Admin1
580;;2;1;klakson hella red twinton;T4617_1;140000;210000;0;1;0;1;0;0;2018-08-21;Admin1;2018-08-21;Admin1
581;;2;1;cover spakbor blkg beat new carbon;T4617_10;37500;55000;0;1;0;1;0;0;2018-08-21;Admin1;2018-08-21;Admin1
582;;2;1;pengundur shcok mio vario;T4617_11;38000;57000;0;1;0;1;0;0;2018-08-21;Admin1;2018-08-21;Admin1
583;;2;1;flaser sen led;T4617_12;7000;12000;0;1;0;1;0;0;2018-08-21;Admin1;2018-08-21;Admin1
584;;2;1;peninggi shcok bebek;T4617_13;12000;20000;0;1;0;1;0;0;2018-08-21;Admin1;2018-08-21;Admin1
585;;2;1;cover as mangkok;T4617_14;10000;15000;0;1;0;1;0;0;2018-08-21;Admin1;2018-08-21;Admin1
586;;2;1;bolam hella blue;T4617_15;22500;33000;0;1;0;1;0;0;2018-08-21;Admin1;2018-08-21;Admin1
587;;2;1;bolam hella standar;T4617_16;12000;20000;0;1;0;1;0;0;2018-08-21;Admin1;2018-08-21;Admin1
588;;2;1;karpet nmax lampu;T4617_17;75000;110000;0;1;0;1;0;0;2018-08-21;Admin1;2018-08-21;Admin1
589;;2;1;grip karbon nitex;T4617_18;22500;33000;0;1;0;1;0;0;2018-08-21;Admin1;2018-08-21;Admin1
590;;2;1;klakson hella compak;T4617_19;90000;135000;0;1;0;1;0;0;2018-08-21;Admin1;2018-08-21;Admin1
591;;2;1;klakson hella motorcycle ;T4617_2;60000;90000;0;1;0;1;0;0;2018-08-21;Admin1;2018-08-21;Admin1
592;;2;1;spakbor yz set;T4617_3;27500;41000;0;1;0;1;0;0;2018-08-21;Admin1;2018-08-21;Admin1
593;;2;1;cover shock trail;T4617_4;31000;46000;0;1;0;1;0;0;2018-08-21;Admin1;2018-08-21;Admin1
594;;2;1;kran bensin kuningan;T4617_5;6000;10000;0;1;0;1;0;0;2018-08-21;Admin1;2018-08-21;Admin1
595;;2;1;pcs standar nagoya jup mio vario;T4617_6;37000;55000;0;1;0;1;0;0;2018-08-21;Admin1;2018-08-21;Admin1
596;;2;1;cover spakbor depan beat new cp;T4617_7;32500;48000;0;1;0;1;0;0;2018-08-21;Admin1;2018-08-21;Admin1
597;;2;1;cover spakbor blk beat new cp;T4617_8;37500;55000;0;1;0;1;0;0;2018-08-21;Admin1;2018-08-21;Admin1
598;;2;1;cover spakbor depan beat new carbon;T4617_9;32500;48000;0;1;0;1;0;0;2018-08-21;Admin1;2018-08-21;Admin1
599;;2;1;KUPINGAN LAMPU CB;T6217_1;21000;30000;0;1;0;1;0;0;2018-08-21;Admin1;2018-08-21;Admin1
600;;2;1;SELANG REM 130 CM ;T6217_2;25000;36000;0;1;0;1;0;0;2018-08-21;Admin1;2018-08-21;Admin1
601;;2;1;STOP JAP STYLE HITAM;T6217_3;65000;110000;0;1;0;1;0;0;2018-08-21;Admin1;2018-08-21;Admin1
602;;1;1;FLASER SEN LED;T7218_1;8000;13500;0;1;0;1;0;0;2018-08-21;Admin1;2018-08-21;Admin1
603;;1;1;STANDAR SAMPING CAKAR;T7218_10;33000;52000;0;1;0;1;0;0;2018-08-21;Admin1;2018-08-21;Admin1
604;;1;1;STEP BELAKANG VIXION ;T7218_11;17000;28000;0;1;0;1;0;0;2018-08-21;Admin1;2018-08-21;Admin1
605;;1;1;FILTER TAWON VNI;T7218_12;17500;28000;0;1;0;1;0;0;2018-08-21;Admin1;2018-08-21;Admin1
606;;1;1;JALU STANG BELIMBING;T7218_13;12000;20000;0;1;0;1;0;0;2018-08-21;Admin1;2018-08-21;Admin1
607;;1;1;JALU STANT CNC;T7218_14;11000;20000;0;1;0;1;0;0;2018-08-21;Admin1;2018-08-21;Admin1
608;;1;1;STROBO O901;T7218_15;35000;55000;0;1;0;1;0;0;2018-08-21;Admin1;2018-08-21;Admin1
609;;1;1;TALLI BAGASI PANJANG;T7218_2;33000;52000;0;1;0;1;0;0;2018-08-21;Admin1;2018-08-21;Admin1
610;;1;1;TEMPAT PLAT NO AUTO WARNA;T7218_3;10500;18000;0;1;0;1;0;0;2018-08-21;Admin1;2018-08-21;Admin1
611;;1;1;TEMPAT PLAT NO AUTO HITAM;T7218_4;10500;18000;0;1;0;1;0;0;2018-08-21;Admin1;2018-08-21;Admin1
612;;1;1;PLAT LUBANG;T7218_5;2500;5000;0;1;0;1;0;0;2018-08-21;Admin1;2018-08-21;Admin1
613;;1;1;RAISER STANG CNC P.B;T7218_6;50000;77000;0;1;0;1;0;0;2018-08-21;Admin1;2018-08-21;Admin1
614;;1;1;JALU STANG MATIC ;T7218_7;6500;12000;0;1;0;1;0;0;2018-08-21;Admin1;2018-08-21;Admin1
615;;1;1;SELANG REM WARNA 110 CM;T7218_8;70000;110000;0;1;0;1;0;0;2018-08-21;Admin1;2018-08-21;Admin1
616;;1;1;SELANG REM WARNA 110 CM;T7218_9;70000;110000;0;1;0;1;0;0;2018-08-21;Admin1;2018-08-21;Admin1
617;;2;1;SPAKBOR DRAG;T9417_1;33000;55000;0;1;0;1;0;0;2018-08-21;Admin1;2018-08-21;Admin1
618;;2;1;PLAT NO GL;T9417_10;45000;65000;0;1;0;1;0;0;2018-08-21;Admin1;2018-08-21;Admin1
619;;2;1;RELAY KLASON;T9417_11;8000;15000;0;1;0;1;0;0;2018-08-21;Admin1;2018-08-21;Admin1
620;;2;1;GANTUNGAN BRANG ;T9417_12;8500;15000;0;1;0;1;0;0;2018-08-21;Admin1;2018-08-21;Admin1
621;;2;1;PENINGGI SHOCK MATIC;T9417_13;10000;15000;0;1;0;1;0;0;2018-08-21;Admin1;2018-08-21;Admin1
622;;2;1;PAPAN NO TRAIL;T9417_2;12500;20000;0;1;0;1;0;0;2018-08-21;Admin1;2018-08-21;Admin1
623;;2;1;LAMPU Vi;T9417_3;60000;88000;0;1;0;1;0;0;2018-08-21;Admin1;2018-08-21;Admin1
624;;2;1;TENSIONER RANTAI MURAH;T9417_4;14000;21000;0;1;0;1;0;0;2018-08-21;Admin1;2018-08-21;Admin1
625;;2;1;MONTI SPION;T9417_5;7000;12000;0;1;0;1;0;0;2018-08-21;Admin1;2018-08-21;Admin1
626;;2;1;SEN MINI TIGER;T9417_6;9000;15000;0;1;0;1;0;0;2018-08-21;Admin1;2018-08-21;Admin1
627;;2;1;SEN MINI VIXION NEW HITAM;T9417_7;9000;15000;0;1;0;1;0;0;2018-08-21;Admin1;2018-08-21;Admin1
628;;2;1;BOLAM BEBEK 2 SISI;T9417_8;25000;36000;0;1;0;1;0;0;2018-08-21;Admin1;2018-08-21;Admin1
629;;2;1;BOLAM H4 2 SISI;T9417_9;30000;44000;0;1;0;1;0;0;2018-08-21;Admin1;2018-08-21;Admin1
630;;2;1;SPAKBAR YZ;T9717_1;27500;40000;0;1;0;1;0;0;2018-08-21;Admin1;2018-08-21;Admin1
631;;2;1;GRIP TDR;T9717_10;43000;65000;0;1;0;1;0;0;2018-08-21;Admin1;2018-08-21;Admin1
632;;2;1;RAISER STANG UNIVERSAL;T9717_11;40000;60000;0;1;0;1;0;0;2018-08-21;Admin1;2018-08-21;Admin1
633;;2;1;PROGUAD ROBOT;T9717_12;45000;67000;0;1;0;1;0;0;2018-08-21;Admin1;2018-08-21;Admin1
634;;2;1;VOLT METER PANOM;T9717_13;40000;60000;0;1;0;1;0;0;2018-08-21;Admin1;2018-08-21;Admin1
635;;2;1;LAMPU SEN STANDAR VIXON NEW;T9717_14;17000;25000;0;1;0;1;0;0;2018-08-21;Admin1;2018-08-21;Admin1
636;;2;1;JALU STANG;T9717_15;13000;20000;0;1;0;1;0;0;2018-08-21;Admin1;2018-08-21;Admin1
637;;2;1;GANTUNGAN BARANG CINCIN;T9717_16;9000;15000;0;1;0;1;0;0;2018-08-21;Admin1;2018-08-21;Admin1
638;;2;1;JARING HELM;T9717_17;6000;10000;0;1;0;1;0;0;2018-08-21;Admin1;2018-08-21;Admin1
639;;2;1;PENINGGI SOCK BLK MATIC;T9717_18;10000;15000;0;1;0;1;0;0;2018-08-21;Admin1;2018-08-21;Admin1
640;;2;1;LAMPU BOLAM BEBEK 3 SISI;T9717_19;35000;56000;0;1;0;1;0;0;2018-08-21;Admin1;2018-08-21;Admin1
641;;2;1;STANG SISIK BYSON;T9717_2;60000;88000;0;1;0;1;0;0;2018-08-21;Admin1;2018-08-21;Admin1
642;;2;1;LAMPU STOP 13 LED;T9717_20;10000;15000;0;1;0;1;0;0;2018-08-21;Admin1;2018-08-21;Admin1
643;;2;1;LAMPU SEN COLOK 6 LED GEPENG;T9717_21;7000;15000;0;1;0;1;0;0;2018-08-21;Admin1;2018-08-21;Admin1
644;;2;1;LAMPU SEN COLOK 4 LED GEPENG;T9717_22;7000;15000;0;1;0;1;0;0;2018-08-21;Admin1;2018-08-21;Admin1
645;;2;1;LAMPU SEN 2 TONE;T9717_23;20000;30000;0;1;0;1;0;0;2018-08-21;Admin1;2018-08-21;Admin1
646;;2;1;FOOTSTEP DEPAN MOTIF;T9717_24;9000;15000;0;1;0;1;0;0;2018-08-21;Admin1;2018-08-21;Admin1
647;;2;1;FOOTSTEP DEPAN BESI;T9717_25;22500;35000;0;1;0;1;0;0;2018-08-21;Admin1;2018-08-21;Admin1
648;;2;1;SPION TOMOK 2772;T9717_3;50000;73000;0;1;0;1;0;0;2018-08-21;Admin1;2018-08-21;Admin1
649;;2;1;LAMPU LED 6 SISI CSR;T9717_4;105000;155000;0;1;0;1;0;0;2018-08-21;Admin1;2018-08-21;Admin1
650;;2;1;STANG CLIP ON;T9717_5;87500;130000;0;1;0;1;0;0;2018-08-21;Admin1;2018-08-21;Admin1
651;;2;1;GRIP TENGKORAK;T9717_6;14000;22000;0;1;0;1;0;0;2018-08-21;Admin1;2018-08-21;Admin1
652;;2;1;GRIP SHARKY;T9717_7;13000;20000;0;1;0;1;0;0;2018-08-21;Admin1;2018-08-21;Admin1
653;;2;1;GRIP BIMANG DAN JALU;T9717_8;18000;28000;0;1;0;1;0;0;2018-08-21;Admin1;2018-08-21;Admin1
654;;2;1;GRIP KOSO;T9717_9;47600;70000;0;1;0;1;0;0;2018-08-21;Admin1;2018-08-21;Admin1
655;;5;1;ENDURO RACING 6X1;TJ11917;48500;55000;0;1;0;1;0;0;2018-08-21;Admin1;2018-08-21;Admin1
656;;5;1;PRIMA X P 1 LTR;TJ12218_1;40500;49000;0;1;0;1;0;0;2018-08-21;Admin1;2018-08-21;Admin1
657;;5;1;YAMALUBE 4 T 24X0.8;TJ131117_1;32000;38000;0;1;0;1;0;0;2018-08-21;Admin1;2018-08-21;Admin1
658;;5;1;FEDERAL U-TECH 24X0,8;TJ131117_2;29000;35000;0;1;0;1;0;0;2018-08-21;Admin1;2018-08-21;Admin1
659;;5;1;YAMALUBE POKIER MATIC 2AXO,8;TJ22118_1;36000;42000;0;1;0;1;0;0;2018-08-21;Admin1;2018-08-21;Admin1
660;;5;1;ENDURO RACING 6X1;TJ23218_1;46500;54000;0;1;0;1;0;0;2018-08-21;Admin1;2018-08-21;Admin1
661;;5;1;MESRAN SUPER 0,8 ;TJ24318_1;29200;34000;0;1;0;1;0;0;2018-08-21;Admin1;2018-08-21;Admin1
662;;5;1;ENDURO 4T;TJ24318_2;34875;40000;0;1;0;1;0;0;2018-08-21;Admin1;2018-08-21;Admin1
663;;5;1;FEDERAL ULTECH 0.8;TJ24318_3;30000;35000;0;1;0;1;0;0;2018-08-21;Admin1;2018-08-21;Admin1
664;;5;1;OLI MPX  2 0.8 LT;TJ2518_1;38600;45000;0;1;0;1;0;0;2018-08-21;Admin1;2018-08-21;Admin1
665;;5;1;OLI FEDERAL MATIC ORANGE;TJ2518_2;30500;36000;0;1;0;1;0;0;2018-08-21;Admin1;2018-08-21;Admin1
666;;5;1;castrol G0 4t 0,8 ltr;tj3617;29000;35000;0;1;0;1;0;0;2018-08-21;Admin1;2018-08-21;Admin1
667;;5;1;ENDURO RACING 6X1;TJ4/3/17_1;42634;48000;0;1;0;1;0;0;2018-08-21;Admin1;2018-08-21;Admin1
668;;5;1;FEDERAL U-TECH 24X0,8;TJ4/3/17_2;28000;33000;0;1;0;1;0;0;2018-08-21;Admin1;2018-08-21;Admin1
669;;5;1;PRIMA XP;TJ4/3/17_3;34560;40000;0;1;0;1;0;0;2018-08-21;Admin1;2018-08-21;Admin1
670;;5;1;OLI MPX 2;tj7717_1;37500;44000;0;1;0;1;0;0;2018-08-21;Admin1;2018-08-21;Admin1
671;;5;1;OLI YAMALUBE MATIC;tj7717_2;32500;38000;0;1;0;1;0;0;2018-08-21;Admin1;2018-08-21;Admin1
672;;1;1;FLASER TOURING;TK10117_1;25000;36000;0;1;0;1;0;0;2018-08-21;Admin1;2018-08-21;Admin1
673;;1;1;FLASER SEN KEDIP;TK10117_2;8000;13000;0;1;0;1;0;0;2018-08-21;Admin1;2018-08-21;Admin1
674;;1;1;PENINGGI MONOSHOCK BESAR JUP MX;TK10117_3;10000;15000;0;1;0;1;0;0;2018-08-21;Admin1;2018-08-21;Admin1
675;;1;1;PENINGGI MONOSHOCK SCORPIO POLOS;TK10117_4;20000;28000;0;1;0;1;0;0;2018-08-21;Admin1;2018-08-21;Admin1
676;;1;1;PENINGGI MONOSHOCK VIXION ;TK10117_5;15000;22000;0;1;0;1;0;0;2018-08-21;Admin1;2018-08-21;Admin1
677;;1;1;TROMOL BELAKANG SATRIA 150;TK10117_6;95000;135000;0;1;0;1;0;0;2018-08-21;Admin1;2018-08-21;Admin1
678;;1;1;STANG TRAIL ALUMUNIUM + DUDUKAN CNC THOR;TK10117_7;285000;399000;0;1;0;1;0;0;2018-08-21;Admin1;2018-08-21;Admin1
679;;1;1;OIL COOLER EMAS TAO;TK10117_8;180000;252000;0;1;0;1;0;0;2018-08-21;Admin1;2018-08-21;Admin1
680;;1;1;GAS KONTAN+KBL+HANFAT MODEL POLOS;tk27217_1;22500;32000;0;1;0;1;0;0;2018-08-21;Admin1;2018-08-21;Admin1
681;;1;1;GAS KONTAN+KBL+HANFAT (KDJ003) DAYTONA 2 TOMBOL;tk27217_2;35000;50000;0;1;0;1;0;0;2018-08-21;Admin1;2018-08-21;Admin1
682;;1;1;GAS KONTAN+KBL+HANFAT (KDJ019) DAYTONA 3 TOMBOL;tk27217_3;37500;53000;0;1;0;1;0;0;2018-08-21;Admin1;2018-08-21;Admin1
683;;1;1;FILTER BENSIN KACA RIDE IT;tk27217_4;16000;23000;0;1;0;1;0;0;2018-08-21;Admin1;2018-08-21;Admin1
684;;1;1;HANDLE REM 6 STELAN SUPRA X TERMINATOR;tk27217_5;20000;28000;0;1;0;1;0;0;2018-08-21;Admin1;2018-08-21;Admin1
685;;1;1;TAIL LAMP N MAX AVIRA;tk27217_6;97500;137000;0;1;0;1;0;0;2018-08-21;Admin1;2018-08-21;Admin1
686;;1;1;PER CVT 1500 RPM MIO KITACO;tk27217_7;65000;100000;0;1;0;1;0;0;2018-08-21;Admin1;2018-08-21;Admin1
687;;1;1;PER CVT 1500 RPM VARIO KITACO;tk27217_8;71000;100000;0;1;0;1;0;0;2018-08-21;Admin1;2018-08-21;Admin1
688;;1;1;ROLLER VARIO KITACO;tk27217_9;71000;92000;0;1;0;1;0;0;2018-08-21;Admin1;2018-08-21;Admin1
689;;1;1;ORING KLEP SUPRA X 125 TGP;TP10417_1;1760;4000;0;1;0;1;0;0;2018-08-21;Admin1;2018-08-21;Admin1
690;;1;1;COVER PLAT NOMER NEW (BENING) TGP;TP10417_2;32000;45000;0;1;0;1;0;0;2018-08-21;Admin1;2018-08-21;Admin1
691;;1;1;MIKA SEIN DEPAN L&R SUPRAVFIT NEW (BENING) TGP;TP10417_3;14000;20000;0;1;0;1;0;0;2018-08-21;Admin1;2018-08-21;Admin1
692;;1;1;REF MINI SPAKBOR DEPAN GRAND (ORANGE) TGP;TP10417_4;7600;12000;0;1;0;1;0;0;2018-08-21;Admin1;2018-08-21;Admin1
693;;1;1;REF MINI BELAKANG HONDA TGP;TP10417_5;5600;10000;0;1;0;1;0;0;2018-08-21;Admin1;2018-08-21;Admin1
694;;1;1;SPAKBOR DEPAN GRAND A (HITAM) TGP;TP10417_6;33440;50000;0;1;0;1;0;0;2018-08-21;Admin1;2018-08-21;Admin1
695;;1;1;THD SUPRA X 125 (HITAM) TGP;TP10417_7;45120;65000;0;1;0;1;0;0;2018-08-21;Admin1;2018-08-21;Admin1
696;;1;1;WIND SHIELD SCOPY ABU ABU TGP;TP10417_8;67200;95000;0;1;0;1;0;0;2018-08-21;Admin1;2018-08-21;Admin1
697;;1;1;PAPAN PLAT NOMOR;TP11717;32000;45000;0;1;0;1;0;0;2018-08-21;Admin1;2018-08-21;Admin1
698;;1;1;BEGASI SUPRA X 125 NEW FUEL IN JECTION;TP12917_1;30600;45000;0;1;0;1;0;0;2018-08-21;Admin1;2018-08-21;Admin1
699;;1;1;COVER NOMER NEW (BENING);TP22218_1;41200;48000;0;1;0;1;0;0;2018-08-21;Admin1;2018-08-21;Admin1
700;;1;1;BAGASI TGP SUPRA X 125;TP23117_1;24800;35000;0;1;0;1;0;0;2018-08-21;Admin1;2018-08-21;Admin1
701;;1;1;BAGASI TGP SUPRA X 125 NEW FUEL;TP23117_2;24800;35000;0;1;0;1;0;0;2018-08-21;Admin1;2018-08-21;Admin1
702;;1;1;BAGASI TGP KHARISMA X;TP23117_3;24800;35000;0;1;0;1;0;0;2018-08-21;Admin1;2018-08-21;Admin1
703;;1;1;BAGASI TGP KARISMA X;TP28217_1;30600;43000;0;1;0;1;0;0;2018-08-21;Admin1;2018-08-21;Admin1
704;;1;1;SPAKBOR DEPAN MEGA PRO NEW 06 HITAM;TP28217_2;45360;65000;0;1;0;1;0;0;2018-08-21;Admin1;2018-08-21;Admin1
705;;1;1;MIKA LAMPU MIO SOUL GT (BENING);TP41017_1;62160;90000;0;1;0;1;0;0;2018-08-21;Admin1;2018-08-21;Admin1
706;;1;1;MIKA LAMOU VARIO TECHNO 125 (BENING);TP41017_2;65200;92000;0;1;0;1;0;0;2018-08-21;Admin1;2018-08-21;Admin1
707;;1;1;COVER PLAT NOMER NEW (BENING);TP61117_1;40000;48000;0;1;0;1;0;0;2018-08-21;Admin1;2018-08-21;Admin1
708;;1;1;COVER PLAT NOMER EDGE (BENING);TP61117_2;42000;50000;0;1;0;1;0;0;2018-08-21;Admin1;2018-08-21;Admin1
709;;1;1;SPAKBOR DPN SUPRA X 125 (HITAM);TP8118_1;43680;65000;0;1;0;1;0;0;2018-08-21;Admin1;2018-08-21;Admin1
710;;1;1;BEGASI TGP SUPRA X 125 NEW FILL INJECTION;TP81217_1;36000;45000;0;1;0;1;0;0;2018-08-21;Admin1;2018-08-21;Admin1
711;;3;1;BAUT ;UJ 2317;290;2000;0;1;0;1;0;0;2018-08-21;Admin1;2018-08-21;Admin1
